date,lag_1,target_diff
2018-01-02,-1.865645202145017,0.0
2018-01-03,-1.8884559856181613,-8.000387000000046
2018-01-04,-1.9067050024505428,8.000113000000056
2018-01-05,-1.8884566106167535,-9.999393999999938
2018-01-08,-1.911265395919216,20.99943499999972
2018-01-09,-1.8633653327365858,-0.999536999999691
2018-01-10,-1.8656452933856873,10.999977999999828
2018-01-11,-1.8405541592095753,-1.0002660000000105
2018-01-12,-1.8428357827198953,-9.999609999999848
2018-01-15,-1.8656450607219777,-0.00022800000033385004
2018-01-16,-1.8656455807937997,0.9999880000000303
2018-01-17,-1.863364591406139,-0.9999629999997524
2018-01-18,-1.8656455237683802,-5.000156999999945
2018-01-19,-1.8770509656873209,-4.999639999999999
2018-01-22,-1.8884552283205969,-0.0005470000000968867
2018-01-23,-1.8884564760367648,0.0003889999998136773
2018-01-24,-1.8884555887212455,-9.999876999999742
2018-01-25,-1.9112654757548027,-8.999882999999954
2018-01-26,-1.931794359714599,-11.00008200000002
2018-01-29,-1.9568857311164543,9.99945499999967
2018-01-30,-1.93407680667197,10.000424000000294
2018-01-31,-1.911265671922244,-10.000562000000173
2018-02-01,-1.9340771214522827,0.999953000000005
2018-02-02,-1.9317962119002086,-0.9992699999997967
2018-02-05,-1.9340755635178353,-20.000265000000127
2018-02-06,-1.979696503184515,0.0002110000000357104
2018-02-07,-1.9796960218899788,0.9996339999997872
2018-02-08,-1.9774158399822515,-1.0001369999999952
2018-02-09,-1.9796971692414094,0.0005570000002990128
2018-02-12,-1.9796958987150735,-0.0005100000003039895
2018-02-13,-1.9796970620336218,-20.00003599999991
2018-02-14,-2.0253174793474633,-14.999729000000116
2018-02-15,-2.0595321125898503,-20.000373999999738
2018-02-16,-2.105153300887356,0.0006490000000667351
2018-02-19,-2.1051518205074786,-0.00015100000018719584
2018-02-20,-2.10515216494101,0.0
2018-02-21,-2.10515216494101,-5.000039000000015
2018-02-22,-2.116557337699973,5.000136999999995
2018-02-23,-2.1051519414013677,5.300000020724838e-05
2018-02-26,-2.1051518205074786,-15.000612000000274
2018-02-27,-2.139368467887665,1.0004130000002078
2018-02-28,-2.137086509067881,-1.0001130000000558
2018-03-01,-2.139367783582637,0.000210000000151922
2018-03-02,-2.139367304569117,-9.99989800000003
2018-03-05,-2.1621772395040266,2.89999998130952e-05
2018-03-06,-2.162177173354541,-1.3999999737279722e-05
2018-03-07,-2.162177205288775,-6.400000029316288e-05
2018-03-08,-2.1621773512738485,-50.000000999999884
2018-03-09,-2.2762281915479607,20.0000500000001
2018-03-12,-2.2306077422998842,-0.0007380000001830922
2018-03-13,-2.230609425690253,0.00038700000004610047
2018-03-14,-2.2306085429367672,24.99994599999991
2018-03-15,-2.1735832471151246,4.999781999999868
2018-03-16,-2.162178660577469,0.0006230000003597524
2018-03-19,-2.1621772395040266,-0.0002210000002378365
2018-03-20,-2.1621777436087313,30.000147000000197
2018-03-21,-2.0937469055034095,24.999550999999883
2018-03-22,-2.0367225106833873,0.0004100000001017179
2018-03-23,-2.0367215754665153,25.000113000000056
2018-03-26,-1.9796958987150735,-7.70000001466542e-05
2018-03-27,-1.9796960743533643,-0.0005750000000261934
2018-03-28,-1.9796973859380014,-29.999146999999994
2018-03-29,-2.048125943026563,39.9995399999998
2018-03-30,-1.956886321899796,0.0002590000003692694
2018-04-02,-1.9568857311164543,-0.0005009999999856518
2018-04-03,-1.956886873905851,0.0002919999997175182
2018-04-04,-1.9568862078489577,15.000228000000334
2018-04-05,-1.922670436379207,-0.00013100000023769098
2018-04-06,-1.922670735192403,0.00011200000017197453
2018-04-09,-1.9226704797185257,-0.0004460000000108266
2018-04-10,-1.9226714970520005,-14.99988200000007
2018-04-11,-1.9568864792899519,-4.999959000000217
2018-04-12,-1.9682914695675746,-0.0001720000000204891
2018-04-13,-1.9682918619024574,0.0004590000003190653
2018-04-16,-1.9682908149157639,-0.0005570000002990128
2018-04-17,-1.9682920854420998,4.400000034365803e-05
2018-04-18,-1.9682919850773617,0.0004299999995964754
2018-04-19,-1.9682910042401558,-8.099999968180782e-05
2018-04-20,-1.9682911890025125,0.00016400000004068715
2018-04-23,-1.9682908149157639,-0.00018900000031862874
2018-04-24,-1.9682912460279323,-7.299999970200588e-05
2018-04-25,-1.9682914125421551,-0.0003120000001217704
2018-04-26,-1.9682921242193845,-1.900000006571645e-05
2018-04-27,-1.968292167558703,25.000593000000208
2018-04-30,-1.911265395919216,-5.000550000000203
2018-05-01,-1.922671734277744,-0.00032599999985905015
2018-05-02,-1.9226724778892075,0.0005229999997027335
2018-05-03,-1.9226712849174428,0.000311000000237982
2018-05-04,-1.9226705755212299,5.000042000000121
2018-05-07,-1.911265395919216,9.999391999999716
2018-05-08,-1.8884566151787876,0.000477000000046246
2018-05-09,-1.888455527133793,-0.000293000000056054
2018-05-10,-1.8884561954717038,0.0006029999999555002
2018-05-11,-1.8884548200185978,-0.00017899999966175528
2018-05-14,-1.8884552283205969,-0.0003310000001874869
2018-05-15,-1.8884559833371448,-4.4999999772699084e-05
2018-05-16,-1.8884560859828985,7.999999979801942e-05
2018-05-17,-1.8884559035015582,5.999999984851456e-05
2018-05-18,-1.888455766640553,0.00023600000031365198
2018-05-21,-1.8884552283205969,4.999468999999863
2018-05-22,-1.8770513557411872,-4.9000000217347406e-05
2018-05-23,-1.8770514675110088,10.000072000000273
2018-05-24,-1.8542411356791824,0.0004239999998389976
2018-05-25,-1.8542401685280765,8.400000024266774e-05
2018-05-28,-1.8542399769226683,-0.0009190000000671716
2018-05-29,-1.8542420731770706,45.000450999999885
2018-05-30,-1.751595290244726,0.00010100000008606003
2018-05-31,-1.7515950598620331,0.0002110000000357104
2018-06-01,-1.7515945785674967,0.0001560000000608852
2018-06-04,-1.751594222728882,-5.0999999984924216e-05
2018-06-05,-1.7515943390607367,-7.500000037907739e-05
2018-06-06,-1.7515945101369945,-0.0002299999996466795
2018-06-07,-1.7515950347708487,9.299999965151073e-05
2018-06-08,-1.7515948226362907,0.00026300000035917037
2018-06-11,-1.751594222728882,-0.0002389999999650172
2018-06-12,-1.7515947678918875,0.00012599999990925426
2018-06-13,-1.751594480483776,-0.00024200000007112976
2018-06-14,-1.7515950324898322,0.00044100000013713725
2018-06-15,-1.7515940265614407,-8.600000001024455e-05
2018-06-18,-1.751594222728882,-0.0005650000002788147
2018-06-19,-1.751595511503352,-0.00015200000007098424
2018-06-20,-1.7515958582178996,0.0003800000004048343
2018-06-21,-1.75159499143153,-0.00018799999998009298
2018-06-22,-1.751595420262681,0.0005249999999250576
2018-06-25,-1.751594222728882,-0.00014600000031350646
2018-06-26,-1.7515945557573296,0.0001540000002933084
2018-06-27,-1.751594204480748,0.00012999999989915523
2018-06-28,-1.7515939079485694,-0.0004079999998793937
2018-06-29,-1.7515948386034073,0.00027000000000043656
2018-07-02,-1.751594222728882,-0.00026700000034907134
2018-07-03,-1.7515948317603578,-0.0003229999997529376
2018-07-04,-1.7515955685287705,-8.999999863590347e-06
2018-07-05,-1.7515955890579211,0.0003079999996771221
2018-07-06,-1.7515948865047597,0.00029100000028847717
2018-07-09,-1.751594222728882,-0.0003500000002532033
2018-07-10,-1.7515950210847486,0.0006220000000212167
2018-07-11,-1.751593602292324,-0.0009219999997185369
2018-07-12,-1.7515957053897757,0.00031499999977313564
2018-07-13,-1.7515949868694969,0.00033500000017738785
2018-07-16,-1.751594222728882,-0.0007279999999809661
2018-07-17,-1.7515958833090832,0.00017099999968195334
2018-07-18,-1.751595493255218,4.999956999999995
2018-07-19,-1.7401905075396291,-9.399999999004649e-05
2018-07-20,-1.7401907219552044,0.0006940000002941815
2018-07-23,-1.7401891389295725,-4.400000034365803e-05
2018-07-24,-1.7401892392943106,0.00012700000024779
2018-07-25,-1.7401889496051817,-0.000661000000036438
2018-07-26,-1.74019045735726,0.0006769999999960419
2018-07-27,-1.7401889131089134,-9.899999986373587e-05
2018-07-30,-1.7401891389295725,9.99983199999997
2018-07-31,-1.717379354541769,-10.000778000000082
2018-08-01,-1.7401912967714275,5.000609000000168
2018-08-02,-1.7287848238329109,-5.000271000000339
2018-08-03,-1.740190525787763,7.504018999999971
2018-08-06,-1.723073732682441,7.49614500000007
2018-08-07,-1.7059749003030857,-9.999706999999944
2018-08-08,-1.7287843995637941,9.999415000000226
2018-08-09,-1.705975566359979,6.0005049999999756
2018-08-10,-1.6922883138873437,9.000230999999985
2018-08-13,-1.6717586361337151,29.999906999999894
2018-08-14,-1.6033283454724165,-10.0001299999999
2018-08-15,-1.626138809603214,-7.915537000000313
2018-08-16,-1.644194282163522,2.9157450000002427
2018-08-17,-1.6375434189510378,-4.999984999999924
2018-08-20,-1.648948468535096,-14.999991000000136
2018-08-21,-1.6831636994038741,-5.000336999999945
2018-08-22,-1.6945695519058315,-0.00022500000022773747
2018-08-23,-1.6945700651346032,5.000104000000192
2018-08-24,-1.68316474410955,6.103860000000168
2018-08-27,-1.6692417371496988,18.546274999999696
2018-08-28,-1.6269373730416916,5.547023999999965
2018-08-29,-1.6142845183303354,-2.8916439999998147
2018-08-30,-1.620880406757889,3.14458999999988
2018-08-31,-1.613707544264995,6.100377000000208
2018-09-03,-1.5997924820865186,22.09958000000006
2018-09-04,-1.5493829697206092,15.499814999999671
2018-09-05,-1.514027631930851,11.000268000000233
2018-09-06,-1.4889358362598777,-5.54807000000028
2018-09-07,-1.5015910769147653,20.901785000000018
2018-09-10,-1.4539137550187349,-100.50398899999982
2018-09-11,-1.6831650383607122,30.0003999999999
2018-09-12,-1.6147336231581508,82.49644799999987
2018-09-13,-1.4265578426410743,-7.496643999999833
2018-09-14,-1.4436578132477922,30.000374000000193
2018-09-17,-1.3752264573516662,-20.00053600000001
2018-09-18,-1.4208480151738876,-9.999671000000035
2018-09-19,-1.443657432317993,-10.000082999999904
2018-09-20,-1.466467789241003,9.999999974752427e-05
2018-09-21,-1.4664675611393274,5.000190000000202
2018-09-24,-1.4550620439468331,20.44985799999995
2018-09-25,-1.408415575112037,-15.450209000000086
2018-09-26,-1.4436577607844066,-10.000454999999874
2018-09-27,-1.4664689662456512,70.30169299999989
2018-09-28,-1.3061096262659844,-45.300886999999875
2018-10-01,-1.4094417087495947,-2.498736000000008
2018-10-02,-1.4151413674440652,22.498733999999786
2018-10-03,-1.3638213781143906,4.999921000000086
2018-10-04,-1.3524164745154048,4.999503000000004
2018-10-05,-1.3410125243814248,15.000578000000132
2018-10-08,-1.3067959545558085,45.50013599999966
2018-10-09,-1.203009381763813,-25.500151999999616
2018-10-10,-1.2611756558548384,2.453661000000011
2018-10-11,-1.2555788139908188,0.0461579999996502
2018-10-12,-1.2554735268192179,-29.996392000000014
2018-10-15,-1.3238957997066059,37.496328000000176
2018-10-16,-1.238366047105326,-47.496822000000066
2018-10-17,-1.3467070941275041,5.000524999999925
2018-10-18,-1.3353008127943957,62.49644000000035
2018-10-19,-1.1927453857226904,0.00011799999992945231
2018-10-22,-1.192745116562713,-27.50643600000012
2018-10-23,-1.2554877580827823,-12.493810999999823
2018-10-24,-1.283986350368329,12.502992999999606
2018-10-25,-1.2554668137868938,2.496845000000121
2018-10-26,-1.249771468495116,10.000409000000218
2018-10-29,-1.2269603679606416,-10.000173000000359
2018-10-30,-1.2497709301751612,24.999951000000237
2018-10-31,-1.192745622948434,14.999815000000126
2018-11-01,-1.1585307935386056,-2.499796499999775
2018-11-02,-1.164232871251349,-2.4997965000002296
2018-11-05,-1.1699349489640938,4.999712999999701
2018-11-06,-1.158530519816595,-0.0002009999998335843
2018-11-07,-1.1585309783009634,40.950107000000116
2018-11-08,-1.0651230979158244,-38.45319900000004
2018-11-09,-1.1528354893051298,17.503580000000056
2018-11-12,-1.112909529967546,73.50463499999978
2018-11-13,-0.9452442256050138,-73.50509000000011
2018-11-14,-1.1129105678301723,64.9998300000002
2018-11-15,-0.9646448662119966,-13.499687500000164
2018-11-16,-0.9954378796523954,-13.499687499999709
2018-11-19,-1.026230893092793,-88.00022800000033
2018-11-20,-1.2269608880324636,119.9998300000002
2018-11-21,-0.9532392646218826,-9.99998800000003
2018-11-22,-0.9760494048483007,36.09589499999993
2018-11-23,-0.893714063391085,-26.095508999999765
2018-11-26,-0.9532383567772119,9.999933000000055
2018-11-27,-0.9304283420067155,19.999542999999903
2018-11-28,-0.8848090492341367,25.000491999999667
2018-11-29,-0.8277825079773438,-55.00001499999962
2018-11-30,-0.9532384639849996,4.6999999995023245e-05
2018-12-03,-0.9532383567772119,-0.00084500000002663
2018-12-04,-0.953240284236374,0.00027199999976801337
2018-12-05,-0.9532396637998158,-8.999817999999777
2018-12-06,-0.9737683994935222,-3.504624000000149
2018-12-07,-0.9817625055745369,-42.494984999999815
2018-12-10,-1.0786942785696172,-45.0005900000001
2018-12-11,-1.1813413785632918,-3.9998799999998482
2018-12-12,-1.190465171880728,-5.999971000000187
2018-12-13,-1.2041512062904138,15.00001199999997
2018-12-14,-1.169935927520284,7.503839999999855
2018-12-17,-1.1528195427169623,2.496429000000262
2018-12-18,-1.1471251463281562,4.9994440000000395
2018-12-19,-1.1357213307741651,-19.999717000000146
2018-12-20,-1.1813410204436607,-20.000065000000177
2018-12-21,-1.2269615039069888,-17.49609099999998
2018-12-24,-1.2668703807100579,54.99831400000039
2018-12-25,-1.1414183047119089,-4.714251000000331
2018-12-26,-1.1521715902531053,-10.28333100000009
2018-12-27,-1.1756280406113133,-47.5043969999997
2018-12-28,-1.2839863663354465,5.000254000000041
2018-12-31,-1.27258070315788,10.000036999999793
2019-01-01,-1.2497704511616412,-8.550052999999934
2019-01-02,-1.2692732653523486,3.5494990000001962
2019-01-03,-1.261176798644235,0.0007519999999203719
2019-01-04,-1.2611750833196318,9.999765000000025
2019-01-07,-1.2383654517599512,4.999264999999923
2019-01-08,-1.2269620445079603,10.000248999999712
2019-01-09,-1.2041513089361686,66.24994900000002
2019-01-10,-1.0530340649271714,-11.249615999999605
2019-01-11,-1.0786946275651814,19.65018599999985
2019-01-14,-1.0338722239647777,15.349321000000145
2019-01-15,-0.998860165511277,17.505404
2019-01-16,-0.9589300455991231,11.495241999999962
2019-01-17,-0.9327092059384546,-18.999762000000374
2019-01-18,-0.976047981493843,-0.00023799999962648144
2019-01-21,-0.976048524375831,36.849850999999944
2019-01-22,-0.8919933966464167,-36.85006300000032
2019-01-23,-0.9760490079513849,-45.00001599999996
2019-01-24,-1.0786947986414392,-10.000305000000026
2019-01-25,-1.1015056619501702,0.0005330000003596069
2019-01-28,-1.1015044461682364,-25.0005570000003
2019-01-29,-1.15853113569112,-12.494069999999738
2019-01-30,-1.1870303187600075,-17.506184000000303
2019-01-31,-1.2269622178652346,1.7997420000001512
2019-02-01,-1.222856976199807,-41.79893099999981
2019-02-04,-1.3182010383551181,7.99899699999969
2019-02-05,-1.2999551921360337,-2.998923999999988
2019-02-06,-1.306795788041586,54.99956999999995
2019-02-07,-1.1813408470863873,14.999754000000394
2019-02-08,-1.1471261568185807,10.000602999999956
2019-02-11,-1.1243146137668554,30.000185999999758
2019-02-12,-1.0558836867018813,29.999295000000075
2019-02-13,-0.9874547920228394,3.000046999999995
2019-02-14,-0.9806116345354658,-4.999647000000095
2019-02-15,-0.9920159131358595,-27.999880999999732
2019-02-18,-1.055884110970998,-7.050625000000309
2019-02-19,-1.0719667047635002,-32.94983400000001
2019-02-20,-1.1471258283521681,-34.999612999999954
2019-02-21,-1.226960532193849,4.99944000000005
2019-02-22,-1.2155567257639248,52.00063200000022
2019-02-25,-1.0969424126485126,-1.0004060000001118
2019-02-26,-1.0992243555011791,-55.999992999999904
2019-02-27,-1.2269612780863288,-0.00016700000014679972
2019-02-28,-1.226961659016128,30.00015200000007
2019-03-01,-1.158530809505723,0.00041400000009161886
2019-03-04,-1.1585298651647842,19.999386999999842
2019-03-05,-1.11291092823082,0.0002519999998185085
2019-03-06,-1.112910353414597,4.000000035375706e-05
2019-03-07,-1.1129102621739257,0.00010899999961111462
2019-03-08,-1.1129100135430998,0.00021200000037424616
2019-03-11,-1.112909529967546,-20.00014800000008
2019-03-12,-1.1585302027552649,4.999729000000116
2019-03-13,-1.147125737111497,-39.99979500000018
2019-03-14,-1.2383659398975382,5.000148999999965
2019-03-15,-1.2269605162267314,-4.999934999999823
2019-03-18,-1.2383654517599512,44.14955599999985
2019-03-19,-1.1376595745834894,-24.150080999999773
2019-03-20,-1.1927463140965118,10.000138999999763
2019-03-21,-1.1699358294365634,19.999754999999823
2019-03-22,-1.1243160530884317,0.0006310000003395544
2019-03-25,-1.1243146137668554,4.999268999999913
2019-03-26,-1.1129111973907975,1.0003390000001673
2019-03-27,-1.1106294073662537,-1.000166000000263
2019-03-28,-1.1129108027748984,12.500279000000319
2019-03-29,-1.0843974568729478,12.500278999999864
2019-04-01,-1.055884110970998,24.99976199999992
2019-04-02,-0.9988592348564392,-5.000070999999934
2019-04-03,-1.0102644806079386,25.000170999999682
2019-04-04,-0.9532386715575255,-5.000166999999692
2019-04-05,-0.9646441362866333,-9.999694999999974
2019-04-08,-0.9874536081751406,-5.000234000000091
2019-04-09,-0.9988592257323722,-1.4000000192027073e-05
2019-04-10,-0.9988592576666072,-0.00010699999984353781
2019-04-11,-0.9988595017354002,45.70180200000004
2019-04-12,-0.8946129254175094,-95.70144699999992
2019-04-15,-1.112909529967546,-8.900000011635711e-05
2019-04-16,-1.1129097329780377,-10.000374000000193
2019-04-17,-1.1357207536769256,-19.999759999999696
2019-04-18,-1.1813405414301408,29.999837999999727
2019-04-19,-1.112910408158999,5.0003850000002785
2019-04-22,-1.1015044461682364,32.50247199999967
2019-04-23,-1.0273657627992945,-12.502748999999767
2019-04-24,-1.0558847428126408,-2.498924999999872
2019-04-25,-1.0615848326192783,32.49906599999986
2019-04-26,-0.9874539183934202,10.000136000000111
2019-04-29,-0.9646434405765214,4.999127999999928
2019-04-30,-0.9532403458238267,5.000758000000133
2019-05-01,-0.9418335330138128,-3.300000025774352e-05
2019-05-02,-0.9418336082873664,-5.000020999999833
2019-05-03,-0.9532387399880276,0.00016800000003058813
2019-05-06,-0.9532383567772119,4.999409000000014
2019-05-07,-0.9418346210588073,-12.50117100000034
2019-05-08,-0.9703500016277078,0.005813000000216562
2019-05-09,-0.9703367420772823,-15.002476000000115
2019-05-10,-1.0045576412727086,2.498425000000225
2019-05-13,-0.9988586919744502,-5.000332000000071
2019-05-14,-1.0102645330713242,5.000195000000076
2019-05-15,-0.9988590044737462,9.99993799999993
2019-05-16,-0.9760489782981664,12.497221000000081
2019-05-17,-0.947542607745468,7.502977999999985
2019-05-20,-0.9304281891785927,14.999530999999934
2019-05-21,-0.8962140075775246,2.9999999696883606e-05
2019-05-22,-0.8962139391470224,44.52783200000022
2019-05-23,-0.7946452080747063,-19.528154000000086
2019-05-24,-0.839189254637871,-9.999238999999761
2019-05-27,-0.8619976863827352,14.849968999999874
2019-05-28,-0.8281246582103057,2.149503999999979
2019-05-29,-0.8232216035609154,-31.999517000000196
2019-05-30,-0.8962130381454022,4.999765000000025
2019-05-31,-0.8848084903850312,0.00027900000031877425
2019-06-03,-0.8848078539813544,19.99944000000005
2019-06-04,-0.8391887961535015,-11.000229000000218
2019-06-05,-0.864280502864821,-8.999292999999852
2019-06-06,-0.8848080410247288,-27.494909000000007
2019-06-07,-0.947524389264607,-5.0015980000002855
2019-06-10,-0.9589331181286995,32.496509999999944
2019-06-11,-0.8848080341816793,-38.501958999999715
2019-06-12,-0.9726316479481949,13.501592000000073
2019-06-13,-0.9418342903113772,-10.00012199999992
2019-06-14,-0.9646447361940409,-11.99943200000007
2019-06-17,-0.9920156416948644,-3.0004300000000512
2019-06-18,-0.998859672811657,5.000569999999698
2019-06-19,-0.987453288832795,-5.000801999999567
2019-06-20,-0.998860202007545,5.000088999999662
2019-06-21,-0.9874549151977445,40.30398400000013
2019-06-24,-0.8955208522045378,-35.30364000000009
2019-06-25,-0.9760490467286695,43.2494999999999
2019-06-26,-0.8773962123730219,-23.250032999999803
2019-06-27,-0.930429927313364,-4.999874000000091
2019-06-28,-0.941834723704562,-22.4959530000001
2019-07-01,-0.9931483695266282,62.346018000000186
2019-07-02,-0.8509360575579752,-9.044589000000087
2019-07-03,-0.8715669166530381,-50.8053460000001
2019-07-04,-0.9874547623696218,54.44996600000013
2019-07-05,-0.86325347734971,-49.44945999999982
2019-07-08,-0.976048524375831,39.99964799999998
2019-07-09,-0.8848086568992539,-15.000285000000076
2019-07-10,-0.9190245583869594,-4.999949999999899
2019-07-11,-0.9304295281354308,-4.999782000000323
2019-07-12,-0.9418341146730874,-2.496219999999994
2019-07-15,-0.9475280343293899,-5.002329999999802
2019-07-16,-0.9589384328977495,37.24870499999997
2019-07-17,-0.8739735125095972,-37.24805800000013
2019-07-18,-0.9589369570799062,-2.502085000000079
2019-07-19,-0.9646442548995054,-2.4962319999999636
2019-07-22,-0.970338201928009,-4.986504999999852
2019-07-23,-0.9817125034061439,7.482915000000048
2019-07-24,-0.9646438488785217,-4.999913000000106
2019-07-25,-0.9760487342293734,-0.00021500000002561137
2019-07-26,-0.9760492246479768,8.000307000000248
2019-07-29,-0.9578003902969356,6.9994839999999385
2019-07-30,-0.9418344499825505,40.00013499999977
2019-07-31,-0.8505934716508119,-11.000017999999727
2019-08-01,-0.875684697067594,-6.200000007083872e-05
2019-08-02,-0.8756848384906333,3.503871999999774
2019-08-05,-0.8676924477342229,-7.50367099999994
2019-08-06,-0.8848084470457126,0.0001729999999042775
2019-08-07,-0.8848080524298133,14.999823000000106
2019-08-08,-0.8505932047718509,-0.0004009999997833802
2019-08-09,-0.8505941194595711,10.000665000000026
2019-08-12,-0.8277824349848065,9.849104999999781
2019-08-13,-0.8053164614101672,0.7573139999999512
2019-08-14,-0.8035890154836893,1.9932630000002973
2019-08-15,-0.799042349173876,-0.04968000000008033
2019-08-16,-0.7991556700865061,8.853408999999829
2019-08-19,-0.7789608957755942,-3.2532649999998284
2019-08-20,-0.786381647764866,2.0994419999997262
2019-08-21,-0.7815927853765086,1.2516440000003968
2019-08-22,-0.7787377644351271,17.096979999999803
2019-08-23,-0.7397392665121035,14.705198999999993
2019-08-26,-0.7061964611359989,-53.3038160000001
2019-08-27,-0.8277833587965948,30.00014400000009
2019-08-28,-0.7593525275343237,-0.00043199999981879955
2019-08-29,-0.7593535129335636,9.000000000014552e-05
2019-08-30,-0.7593533076420552,0.0006029999999555002
2019-09-02,-0.7593519321889491,27.749514999999974
2019-09-03,-0.6960548233959095,-12.74963600000001
2019-09-04,-0.7251369567940484,0.00027099999988422496
2019-09-05,-0.7251363386385068,-40.00037999999995
2019-09-06,-0.816377875819352,0.00023000000010142685
2019-09-09,-0.8163773511854969,55.40268199999991
2019-09-10,-0.6900029050021972,7.797422000000097
2019-09-11,-0.672216854736481,-18.200454000000263
2019-09-12,-0.7137323953475774,18.45052600000008
2019-09-13,-0.6716464363133091,-18.45017599999983
2019-09-16,-0.7137315969917108,14.999253999999837
2019-09-17,-0.6795180472322854,0.0008170000000973232
2019-09-18,-0.6795161836415923,9.999778999999762
2019-09-19,-0.6567065201476776,-10.000205999999707
2019-09-20,-0.6795171576357486,10.00035600000001
2019-09-23,-0.656706177995163,-0.000683000000208267
2019-09-24,-0.6567077359296104,25.000704999999925
2019-09-25,-0.599680708816247,-30.000000999999884
2019-09-26,-0.6681112138931209,-9.000000000014552e-05
2019-09-27,-0.6681114191846294,-22.496520000000146
2019-09-30,-0.7194263583431985,25.09358800000018
2019-10-01,-0.6621874635501281,-28.847530000000006
2019-10-02,-0.7279891629607476,-4.749910999999884
2019-10-03,-0.7388237895595998,-59.99989400000004
2019-10-04,-0.8756845533635382,-16.49625300000025
2019-10-07,-0.9133127829314612,24.496366000000307
2019-10-08,-0.8574361615297489,-10.000103000000308
2019-10-09,-0.880246564073095,-7.000208999999813
2019-10-10,-0.8962141581246308,4.999906999999894
2019-10-11,-0.8848092864598801,0.0006280000002334418
2019-10-14,-0.8848078539813544,73.5500549999997
2019-10-15,-0.7170389458375894,-76.5504619999997
2019-10-16,-0.8916518326347614,-7.900000036897836e-05
2019-10-17,-0.8916520128350863,-6.999622999999701
2019-10-18,-0.9076182702108005,-13.999890999999934
2019-10-21,-0.9395522562180404,-1.0005909999999858
2019-10-22,-0.9418346210588073,0.0001229999998031417
2019-10-23,-0.9418343404937464,15.00011799999993
2019-10-24,-0.9076188199358401,10.000104000000192
2019-10-25,-0.8848084151114775,0.00024600000006103073
2019-10-28,-0.8848078539813544,6.000135999999657
2019-10-29,-0.8711214432039044,20.999402000000373
2019-10-30,-0.8232214552948257,-1.9999280000001818
2019-10-31,-0.8277833245813433,-20.000070999999934
2019-11-01,-0.8734038217307714,25.26831799999991
2019-11-04,-0.815766364879251,-25.268235999999888
2019-11-05,-0.873403634687397,10.000345999999809
2019-11-06,-0.8505926778569793,9.503017
2019-11-07,-0.8289161368107266,5.496719000000212
2019-11-08,-0.8163780286474748,17.000297000000046
2019-11-11,-0.7776000662678444,20.50256199999967
2019-11-12,-0.7308333787257372,0.0007450000002791057
2019-11-13,-0.7308316793682504,-2.5195520000002034
2019-11-14,-0.7365788197075945,-1.9843419999997423
2019-11-15,-0.7411051370668919,-7.999413000000004
2019-11-18,-0.7593519321889491,19.666054999999687
2019-11-19,-0.7144933311335836,-24.66641699999991
2019-11-20,-0.7707578417163262,-0.000582000000122207
2019-11-21,-0.7707591692680807,-19.999566999999843
2019-11-22,-0.8163785167850617,-29.999488999999812
2019-11-25,-0.8848078539813544,-45.00036300000011
2019-11-26,-0.9874544361842247,2.9997840000000906
2019-11-27,-0.9806118786042588,1.9999989999996615
2019-11-28,-0.9760498473655526,73.80553200000031
2019-11-29,-0.8076981919030269,-75.80495199999996
2019-12-02,-0.9806105578955548,20.999394999999822
2019-12-03,-0.9327105859535948,-1.99980400000004
2019-12-04,-0.9372721723940337,0.0002110000000357104
2019-12-05,-0.9372716910994974,-2.000039999999899
2019-12-06,-0.9418338158598913,0.0002380000000812288
2019-12-09,-0.9418332729779023,-10.000606000000062
2019-12-10,-0.964644822872678,0.00016499999992447556
2019-12-11,-0.9646444465049129,-5.000003000000106
2019-12-12,-0.9760495371472729,14.999849000000268
2019-12-13,-0.9418346301828744,-12.999405000000024
2019-12-16,-0.9714864908561072,4.431151999999656
2019-12-17,-0.9613789588786124,-4.960697999999866
2019-12-18,-0.9726943941572255,-6.4706200000000536
2019-12-19,-0.9874539868239233,44.999616999999944
2019-12-20,-0.8848091062595563,-41.99945099999968
2019-12-23,-0.9806105578955548,2.0000069999996413
2019-12-24,-0.9760485084087145,-6.499999972220394e-05
2019-12-25,-0.9760486566748032,58.7593109999998
2019-12-26,-0.8420176834858651,-63.75955299999987
2019-12-27,-0.9874542924801689,10.000300000000152
2019-12-30,-0.9646434405765214,16.999886999999944
2019-12-31,-0.9258664134137629,63.72367099999974
2020-01-01,-0.7805116518628368,14.226397000000361
2020-01-02,-0.7480610018733868,-79.95008300000018
2020-01-03,-0.9304284811487383,-9.999871999999868
2020-01-06,-0.9532383567772119,-0.000653000000056636
2020-01-07,-0.9532398462811562,36.000313000000006
2020-01-08,-0.8711225289678814,6.299999995462713e-05
2020-01-09,-0.8711223852638257,26.999981999999818
2020-01-10,-0.809534973805856,22.00029500000028
2020-01-13,-0.7593519321889491,9.999518999999964
2020-01-14,-0.7365428617593915,0.00015200000007098424
2020-01-15,-0.7365425150448439,-20.00013600000011
2020-01-16,-0.7821631604603617,0.000634999999874708
2020-01-17,-0.7821617120147195,27.361887000000024
2020-01-20,-0.7197487891862716,-63.362787000000026
2020-01-21,-0.8642803682848323,-3.99942400000009
2020-01-22,-0.8734031214586265,-4.999980999999934
2020-01-23,-0.8848081619186176,-2.000514999999723
2020-01-24,-0.8893713701619721,12.00064999999995
2020-01-27,-0.8619976863827352,35.50404899999967
2020-01-28,-0.7810123555707774,-70.50471900000002
2020-01-29,-0.9418348012591322,15.000174000000243
2020-01-30,-0.9076191529642867,-5.000152000000071
2020-01-31,-0.919024583478144,-9.999351999999817
2020-02-03,-0.9418332729779023,59.51555099999996
2020-02-04,-0.8060773036744858,-64.51607000000013
2020-02-05,-0.9532395406249106,-0.0004359999998087005
2020-02-06,-0.9532405351482175,83.07321199999978
2020-02-07,-0.763749146280656,-14.568846000000121
2020-02-10,-0.7969809281785035,-15.504101999999875
2020-02-11,-0.8323460446871118,-3.9994870000000446
2020-02-12,-0.8414689415649618,43.996034000000236
2020-02-13,-0.7411132506435066,-12.995904000000337
2020-02-14,-0.7707571254770639,5.000048000000334
2020-02-17,-0.7593519321889491,-7.502324999999928
2020-02-18,-0.77646486125188,4.997444999999971
2020-02-19,-0.7650656054503919,12.50481099999979
2020-02-20,-0.7365419219804867,9.999711999999818
2020-02-21,-0.7137324113146949,-4.999642999999651
2020-02-24,-0.7251366807910203,3.9999760000000606
2020-02-25,-0.7160126684959748,-4.000833000000057
2020-02-26,-0.7251386356223836,-4.999375000000327
2020-02-27,-0.7365422937862189,1.5109360000001288
2020-02-28,-0.73309582344714,-13.510703999999805
2020-03-02,-0.763913965708673,3.999373999999989
2020-03-03,-0.754791326585717,-34.999439000000166
2020-03-04,-0.8346256335304821,13.000035000000025
2020-03-05,-0.8049723358166906,-35.00024399999984
2020-03-06,-0.8848084789799466,5.00027399999999
2020-03-09,-0.8734027701820448,9.999315000000024
2020-03-10,-0.8505941650799062,-17.50019199999997
2020-03-11,-0.8905123963327075,68.38983399999961
2020-03-12,-0.7345140387745341,-65.88933599999973
2020-03-13,-0.8848087184867066,7.000379000000066
2020-03-16,-0.868840736662321,36.80601149999984
2020-03-17,-0.784885607567151,36.806344499999796
2020-03-18,-0.7009297188934001,-30.61286899999959
2020-03-19,-0.7707581861498564,55.00010799999973
2020-03-20,-0.6453020180076416,-2.999594999999772
2020-03-23,-0.6521441444754391,-2.0006760000001123
2020-03-24,-0.6567077199624929,4.830425000000105
2020-03-25,-0.6456894395802366,-9.830405000000155
2020-03-26,-0.6681127581414673,1.0003289999999652
2020-03-27,-0.6658309909270915,-23.999672999999802
2020-03-30,-0.7205746472712966,1.9994659999997566
2020-03-31,-0.716013831814523,28.49759300000005
2020-04-01,-0.6510103445657993,-7.497694000000138
2020-04-02,-0.6681127102401158,5.00018799999998
2020-04-03,-0.6567071976096553,0.0004470000003493624
2020-04-06,-0.656706177995163,3.9991719999998168
2020-04-07,-0.6475839996375928,-1.9995779999999286
2020-04-08,-0.6521450705682439,3.0000919999997677
2020-04-09,-0.6453018104351167,-5.000018999999611
2020-04-10,-0.6567069375737439,0.0003329999999550637
2020-04-13,-0.656706177995163,7.502165999999761
2020-04-14,-0.6395936116138973,-7.5023590000000695
2020-04-15,-0.6567066182313983,-0.00027399999999033753
2020-04-16,-0.6567072432299905,-4.999953000000005
2020-04-17,-0.6681122198215124,5.000420000000304
2020-04-20,-0.656706177995163,34.99911099999963
2020-04-21,-0.5768726192238963,-9.999476999999843
2020-04-22,-0.5996815938507497,10.00030199999992
2020-04-23,-0.5768707373850692,-0.0005069999997431296
2020-04-24,-0.5768718938605659,17.000571000000036
2020-04-27,-0.5380933064823433,2.9992950000000747
2020-04-28,-0.5312518643195732,0.0001899999997476698
2020-04-29,-0.5312514309263894,-2.0000919999997677
2020-04-30,-0.5358136742996545,-4.999855000000025
2020-05-01,-0.547218427351534,-17.99953800000003
2020-05-04,-0.5882756751993055,9.999475000000075
2020-05-05,-0.5654667051344852,2.00047399999994
2020-05-06,-0.5609035904128172,7.9994769999998425
2020-05-07,-0.5426566493056877,5.00037599999996
2020-05-08,-0.5312507078440765,-4.999801999999818
2020-05-11,-0.5426553400020672,14.999949000000015
2020-05-12,-0.5084402049359932,-0.00023000000010142685
2020-05-13,-0.5084407295698482,-5.000325999999859
2020-05-14,-0.5198465569806212,5.000472999999602
2020-05-15,-0.5084403942603851,0.00013400000034380355
2020-05-18,-0.5084400886041385,4.999504999999772
2020-05-19,-0.49703613390812557,-7.498295999999755
2020-05-20,-0.5141398727545305,2.4988039999998364
2020-05-21,-0.5084400589509209,5.000020999999833
2020-05-22,-0.4970349272502598,-12.496623
2020-05-25,-0.5255399337549357,17.230340999999953
2020-05-26,-0.48623723715579986,-22.231521999999586
2020-05-27,-0.5369477114350378,-0.0021540000002460147
2020-05-28,-0.5369526247451392,-0.002058000000033644
2020-05-29,-0.536957319077631,-12.498017999999774
2020-06-01,-0.5654655076006864,4.999074999999721
2020-06-02,-0.5540625337418803,-2.9993679999997767
2020-06-03,-0.5609041424188733,-36.99995600000011
2020-06-04,-0.645301662169027,-4.9999149999998735
2020-06-05,-0.6567065520819116,0.00016400000004068715
2020-06-08,-0.656706177995163,7.0000529999997525
2020-06-09,-0.6407389397822418,13.496936000000005
2020-06-10,-0.6099522025594581,42.25229500000023
2020-06-11,-0.5135740095218279,-12.74943600000006
2020-06-12,-0.5426556867166149,13.000152000000071
2020-06-15,-0.5130021221238623,16.99996199999987
2020-06-16,-0.47422492388484694,-5.000542000000223
2020-06-17,-0.4856312439952409,15.000666000000365
2020-06-18,-0.45141447344014923,4.999327999999878
2020-06-19,-0.44001092248410256,5.000586000000112
2020-06-22,-0.4286045020089715,-5.000309000000016
2020-06-23,-0.4400102906424599,-0.0001710000001367007
2020-06-24,-0.4400106806963261,1.9996390000001156
2020-06-25,-0.43544947062365236,24.500111999999717
2020-06-26,-0.379564304533159,-21.49927099999968
2020-06-29,-0.4286045020089715,-5.000096000000212
2020-06-30,-0.44000980478589047,4.999850000000151
2020-07-01,-0.4286050631390945,-5.000148999999965
2020-07-02,-0.44001048680990124,5.999645999999757
2020-07-03,-0.4263251937306633,-0.999250999999731
2020-07-06,-0.4286045020089715,-0.00013800000033370452
2020-07-07,-0.4286048167892851,-2.999884999999722
2020-07-08,-0.43544760475194283,-9.501358999999866
2020-07-09,-0.45712036387240734,-7.498891000000185
2020-07-10,-0.47422545992378545,12.503683999999794
2020-07-13,-0.44570434715976864,3.496505999999954
2020-07-14,-0.437728758372811,-8.49964399999999
2020-07-15,-0.45711658878967076,-5.500459999999748
2020-07-16,-0.46966323023662027,-7.000613000000158
2020-07-17,-0.4856317458189278,5.000800000000254
2020-07-20,-0.4742248372062098,-10.000242999999955
2020-07-21,-0.49703555909190145,4.99947899999961
2020-07-22,-0.48563166370232463,-5.000064999999722
2020-07-23,-0.497036895767723,5.000269000000117
2020-07-24,-0.48563119837490476,-4.99944000000005
2020-07-27,-0.49703500480482893,-4.999941000000035
2020-07-28,-0.5084399540241498,-2.504570000000058
2020-07-29,-0.5141529201703973,-12.495719999999892
2020-07-30,-0.5426558669169387,-0.00022600000011152588
2020-07-31,-0.5426563824267266,2.0004570000000967
2020-08-03,-0.5380933064823433,-2.0004790000002686
2020-08-04,-0.5426564326090958,0.00028000000020256266
2020-08-05,-0.5426557939244026,49.102855999999974
2020-08-06,-0.43065135643131647,-64.10317500000019
2020-08-07,-0.5768717729666781,4.000518000000284
2020-08-10,-0.5677465243605483,10.501972999999907
2020-08-11,-0.5437913479359312,37.49766700000009
2020-08-12,-0.4582585410532099,-39.494236
2020-08-13,-0.5483455552871517,4.995386000000053
2020-08-14,-0.536950996099172,33.97716700000001
2020-08-17,-0.4594485087195448,-39.47815500000024
2020-08-18,-0.5494988419229718,30.465254000000186
2020-08-19,-0.48000708695552113,6.489698999999746
2020-08-20,-0.46520397477006264,11.11559699999998
2020-08-21,-0.4398491117171919,6.8414050000001225
2020-08-24,-0.4242437522511885,-2.3722020000000157
2020-08-25,-0.42965478477096647,-0.37050300000009884
2020-08-26,-0.4304999083235458,2.1445630000002893
2020-08-27,-0.4256081241779654,1.9546390000000429
2020-08-28,-0.42114955985948554,-2.991997000000083
2020-08-31,-0.4279743551619423,0.5450999999998203
2020-09-01,-0.426730972926142,-17.27640399999973
2020-09-02,-0.4661387400002868,0.9224989999997888
2020-09-03,-0.46403450432033144,20.183504000000084
2020-09-04,-0.41799559342359127,-39.65095599999995
2020-09-07,-0.5084400886041385,38.533956999999646
2020-09-08,-0.4205434868633409,6.4660069999999905
2020-09-09,-0.4057944165269565,-22.000548999999864
2020-09-10,-0.45597803752211946,-8.000306999999793
2020-09-11,-0.4742268718731596,20.00089200000002
2020-09-14,-0.4286045020089715,-20.000500000000102
2020-09-15,-0.4742259777145899,2.9999880000000303
2020-09-16,-0.4673829548072052,-2.999691999999868
2020-09-17,-0.47422530253362866,14.999879999999848
2020-09-18,-0.44001032485771147,1.0003240000000915
2020-09-21,-0.4377285690484191,5.999664999999823
2020-09-22,-0.4240432326298626,25.000309000000016
2020-09-23,-0.3670171087991359,-25.00005199999987
2020-09-24,-0.424042646408555,23.000039000000015
2020-09-25,-0.3715791719720773,12.098595999999816
2020-09-28,-0.3439820717252794,-2.0990449999999328
2020-09-29,-0.34877002854998357,0.0005729999998038693
2020-09-30,-0.3487687215273806,19.999803000000156
2020-10-01,-0.30314883569044365,-5.00027799999998
2020-10-02,-0.3145545536124124,0.00039000000015221303
2020-10-05,-0.31455366401587576,-7.501024000000143
2020-10-06,-0.33166362547600253,-0.0003069999997933337
2020-10-07,-0.3316643257481473,-2.8798140000003514
2020-10-08,-0.3382332297474331,10.381057000000055
2020-10-09,-0.31455386474535113,-4.999911999999767
2020-10-12,-0.3259587478151853,-0.8204080000000431
2020-10-13,-0.3278301122131102,15.819727999999941
2020-10-14,-0.29174504750865354,10.000559000000067
2020-10-15,-0.26893360482166545,-5.000142000000324
2020-10-16,-0.28033901252535565,10.00026300000036
2020-10-19,-0.25752824501932786,-0.0007049999999253487
2020-10-20,-0.2575298531361434,12.500111999999717
2020-10-21,-0.229016888163993,-12.49987800000008
2020-10-22,-0.25752931937822243,-2.000075999999808
2020-10-23,-0.26209152625521953,-2.999452999999903
2020-10-26,-0.2689333288186374,4.999680999999782
2020-10-27,-0.25752897266367475,24.999671000000035
2020-10-28,-0.2005043041216408,7.499999992433004e-05
2020-10-29,-0.20050413304538398,24.027646999999888
2020-10-30,-0.14569666753833838,-72.02707399999963
2020-11-02,-0.3099916304961519,2.9994039999996858
2020-11-03,-0.30314993970255577,7.000207000000046
2020-11-04,-0.28718235021305294,-6.999535999999807
2020-11-05,-0.3031484091403093,-10.000148999999965
2020-11-06,-0.32595891661042564,-14.99992599999996
2020-11-09,-0.36017399921311405,4.999873999999636
2020-11-10,-0.34876920282191703,-0.00036599999975805986
2020-11-11,-0.34877003767405057,57.60062999999991
2020-11-12,-0.21738203526544578,-47.60024199999998
2020-11-13,-0.3259589850409288,55.00010400000019
2020-11-16,-0.20050282602278,24.999702999999954
2020-11-17,-0.1434780844882099,0.00017099999968195334
2020-11-18,-0.1434776944343447,-5.000167999999576
2020-11-19,-0.15488316144446895,-44.99953800000003
2020-11-20,-0.2575278618085121,2.5032429999996566
2020-11-23,-0.2518179225715059,-12.503722999999809
2020-11-24,-0.2803391242951764,12.494736999999986
2020-11-25,-0.2518384197881096,-42.494420999999875
2020-11-26,-0.34876890628973745,24.447276999999758
2020-11-27,-0.29300425771975125,-119.44728099999975
2020-11-30,-0.5654655076006864,-4.999810000000252
2020-12-01,-0.5768701580068122,-10.000320000000102
2020-12-02,-0.5996810555307946,-54.999889999999596
2020-12-03,-0.7251367264113555,4.999288999999862
2020-12-04,-0.7137332644149624,0.0007310000000870787
2020-12-07,-0.7137315969917108,9.999955999999656
2020-12-08,-0.6909215297578298,-0.0003969999997934792
2020-12-09,-0.6909224353214831,5.000696000000062
2020-12-10,-0.6795157639345085,-15.000453000000107
2020-12-11,-0.7137320486330296,10.000198000000182
2020-12-14,-0.6909214293930916,-10.000070999999934
2020-12-15,-0.7137317589439006,4.999957999999879
2020-12-16,-0.7023267709472952,-4.9996830000000045
2020-12-17,-0.7137311316642919,-0.0001430000002073939
2020-12-18,-0.713731457849689,19.999939000000268
2020-12-21,-0.6681112617944726,-5.00020399999994
2020-12-22,-0.679516810921201,39.99995399999989
2020-12-23,-0.5882762454534955,7.099999993442907e-05
2020-12-24,-0.5882760835013058,-0.0003839999999399879
2020-12-25,-0.5882769594117414,129.26265000000012
2020-12-28,-0.2934266883375764,-84.2623480000002
2020-12-29,-0.485630516350894,7.099999993442907e-05
2020-12-30,-0.48563035439870417,5.000089000000116
2020-12-31,-0.4742250675889027,-4.99998400000004
2021-01-01,-0.4856301148919442,15.000085000000126
2021-01-04,-0.45141466960759064,54.99920999999995
2021-01-05,-0.3259605498184257,-54.9997470000003
2021-01-06,-0.45141589451359143,-22.515032999999676
2021-01-07,-0.5027730621354348,-47.48481900000024
2021-01-08,-0.6110867301134448,23.00038900000027
2021-01-11,-0.5586224573211006,16.999495000000024
2021-01-12,-0.5198463243169117,-22.503090000000157
2021-01-13,-0.5711762497555931,-5.000529999999799
2021-01-14,-0.5825825424937849,-32.496512000000166
2021-01-15,-0.6567076310028392,9.000637000000097
2021-01-18,-0.6361770271564057,34.62794499999973
2021-01-19,-0.5571901042518297,-33.62786299999971
2021-01-20,-0.6338958233531694,16.999423999999635
2021-01-21,-0.5951198523011714,18.00047900000027
2021-01-22,-0.5540604580166284,-34.999984999999924
2021-01-25,-0.6338960103965438,9.999534999999923
2021-01-26,-0.6110869034707181,9.999762999999803
2021-01-27,-0.5882772764730716,2.4935049999999137
2021-01-28,-0.5825895497772723,0.011981000000105269
2021-01-29,-0.5825622209154722,2.495216000000255
2021-02-01,-0.576870591399996,-5.000498000000334
2021-02-02,-0.5882768111456527,-29.999946999999793
2021-02-03,-0.6567071930476214,25.00012599999991
2021-02-04,-0.599681486642962,-29.999824999999873
2021-02-05,-0.6681115902608862,35.00014400000009
2021-02-08,-0.5882756751993055,-70.00023499999998
2021-02-09,-0.747947384428578,14.999766999999792
2021-02-10,-0.7137326645075548,-4.999644999999873
2021-02-11,-0.7251369385459143,44.999620999999934
2021-02-12,-0.6224920488574803,4.000492000000122
2021-02-15,-0.6133668595577866,-15.56778200000008
2021-02-16,-0.6488772312136634,-33.43226400000003
2021-02-17,-0.7251367857177916,41.50375900000017
2021-02-18,-0.6304660158415214,-16.503997000000254
2021-02-19,-0.6681119096032327,10.000284000000192
2021-02-22,-0.6453010941958534,12.497899999999845
2021-02-23,-0.6167931748327755,-0.001134000000092783
2021-02-24,-0.6167957615057814,-17.49678300000005
2021-02-25,-0.6567062167724486,4.722203000000263
2021-02-26,-0.6459347925859777,-32.97098099999994
2021-03-01,-0.7211421528360663,48.248611999999866
2021-03-02,-0.6110862602239919,-45.00005300000021
2021-03-03,-0.7137321353116669,25.000003000000106
2021-03-04,-0.6567067094720684,-16.000144999999975
2021-03-05,-0.6932033083772893,10.000378000000183
2021-03-08,-0.6703922785543345,15.999617999999828
2021-03-09,-0.6338968817449464,15.00016400000004
2021-03-10,-0.599681256260269,-20.000593000000208
2021-03-11,-0.6453029441004464,15.000245000000177
2021-03-12,-0.6110871338534111,7.50397699999985
2021-03-15,-0.5939704365507931,-12.50347099999999
2021-03-16,-0.6224910634582405,9.999974000000293
2021-03-17,-0.5996809551660565,4.9996289999999135
2021-03-18,-0.5882767176239649,-14.99983999999995
2021-03-19,-0.622491604059212,5.000297000000046
2021-03-22,-0.6110858427979247,-10.000336000000061
2021-03-23,-0.6338967768181752,30.000095999999758
2021-03-24,-0.5654660550447094,-10.000192999999854
2021-03-25,-0.5882766628795629,17.00021599999991
2021-03-26,-0.5494988852622904,-1.999782999999752
2021-03-29,-0.5540604238013768,9.999911999999767
2021-03-30,-0.531250456932233,-44.999964999999975
2021-03-31,-0.6338961312904325,25.000202000000172
2021-04-01,-0.5768702515284988,-0.0008800000000519503
2021-04-02,-0.5768722588232476,5.000731000000087
2021-04-05,-0.5654655076006864,3.0837320000000545
2021-04-06,-0.5584314632257638,16.113464999999906
2021-04-07,-0.5216763795013156,2.5195559999997386
2021-04-08,-0.5159292300379055,-0.6486069999996289
2021-04-09,-0.5174087134754685,-5.158588000000236
2021-04-12,-0.5291755391606915,-5.909667999999783
2021-04-13,-0.5426555909139107,-25.000564000000395
2021-04-14,-0.599682296403912,10.000558000000183
2021-04-15,-0.5768708559979404,-5.000492000000122
2021-04-16,-0.5882770620574962,-12.495981000000029
2021-04-19,-0.6167806041494123,-7.504069999999956
2021-04-20,-0.6338975135865892,0.0001540000002933084
2021-04-21,-0.6338971623100075,29.999718999999914
2021-04-22,-0.5654673004798597,-39.99897099999998
2021-04-23,-0.6567056237080904,14.999757000000045
2021-04-26,-0.6224909265972343,9.999781999999868
2021-04-27,-0.599681256260269,4.999350999999933
2021-04-28,-0.5882776528408368,17.50271900000007
2021-04-29,-0.548353657458683,-32.5024699999999
2021-04-30,-0.6224923362655919,10.000618000000031
2021-05-03,-0.5996807589986151,-25.000277000000096
2021-05-04,-0.6567068098368056,-0.00019500000007610652
2021-05-05,-0.656707254635074,8.600000001024455e-05
2021-05-06,-0.6567070584676327,3.0002380000000812
2021-05-07,-0.6498634653060579,2.000148000000081
2021-05-10,-0.6453010941958534,-0.0001720000000204891
2021-05-11,-0.6453014865307362,9.415184999999838
2021-05-12,-0.623825291748536,-19.415458999999828
2021-05-13,-0.6681122791279475,15.00030199999992
2021-05-14,-0.6338963388629574,-9.999855999999909
2021-05-17,-0.656706177995163,-0.00013900000021749293
2021-05-18,-0.656706495056493,-5.000437000000147
2021-05-19,-0.668112575660127,-4.9994839999999385
2021-05-20,-0.6795164824547884,10.999947000000247
2021-05-21,-0.654425418990195,7.000113000000056
2021-05-24,-0.6384580439162676,1.999453999999787
2021-05-25,-0.6338972558316952,-24.99975600000016
2021-05-26,-0.690922118260154,7.9996360000000095
2021-05-27,-0.6726748144713592,7.0003450000003795
2021-05-28,-0.6567069102015428,1.0003209999999854
2021-05-31,-0.654425161235301,2.682230999999774
2021-06-01,-0.6483069473704803,-3.6826639999999315
2021-06-02,-0.6567071656754203,1.000618999999915
2021-06-03,-0.6544247369661842,-2.0008029999999053
2021-06-04,-0.658988602142366,4.0006170000001475
2021-06-07,-0.6498631277155772,-0.0005909999999857973
2021-06-08,-0.6498644757964822,19.110371999999643
2021-06-09,-0.6062733969772872,2.890060000000176
2021-06-10,-0.5996811216802803,-0.0002389999999650172
2021-06-11,-0.5996816668432858,5.000398000000132
2021-06-14,-0.5882756751993055,14.999585999999908
2021-06-15,-0.5540613681423155,-9.999960000000101
2021-06-16,-0.5768714445002645,-30.000007000000096
2021-06-17,-0.6453019632632395,-1.0003969999997935
2021-06-18,-0.6475838855867546,0.0007780000000821019
2021-06-21,-0.6475821109557153,5.999720999999681
2021-06-22,-0.6338966468002205,8.99980400000004
2021-06-23,-0.6133679430407482,1.000264000000243
2021-06-24,-0.6110863240924611,44.999745000000075
2021-06-25,-0.5084411515579484,-2.4961230000003525
2021-06-28,-0.5141348499556261,12.496363000000201
2021-06-29,-0.4856304365153073,15.49884800000018
2021-06-30,-0.4502773044687546,89.5009369999998
2021-07-01,-0.2461241671484097,-10.000247999999829
2021-07-02,-0.2689349004391849,-24.999311000000034
2021-07-05,-0.3259587478151853,14.6416049999998
2021-07-06,-0.29256100141890773,-54.64211999999998
2021-07-07,-0.41720059293329365,0.00029899999981353176
2021-07-08,-0.4171999109092829,-51.000339999999596
2021-07-09,-0.5335325412079379,-55.99944400000004
2021-07-12,-0.6612682115148868,12.000020999999833
2021-07-13,-0.6338959624951922,4.99952200000007
2021-07-14,-0.6224919690218937,12.500278999999864
2021-07-15,-0.5939786231199441,22.500049000000217
2021-07-16,-0.5426556342532293,106.2659349999999
2021-07-19,-0.30026125551583266,-7.1057770000002165
2021-07-20,-0.31646965194467447,-74.16050199999972
2021-07-21,-0.48563099992644687,-10.00000399999999
2021-07-22,-0.508441176649133,7.400000004054164e-05
2021-07-23,-0.5084410078538927,0.00040300000000570435
2021-07-26,-0.5084400886041385,-4.999843999999939
2021-07-27,-0.5198448165648334,4.999861999999666
2021-07-28,-0.5084400475458374,-0.0005769999997937703
2021-07-29,-0.5084413636925074,-7.338901999999962
2021-07-30,-0.5251815221534915,8.094317000000046
2021-08-02,-0.5067182494168562,0.08118599999988874
2021-08-03,-0.5065330627901902,-25.915544999999838
2021-08-04,-0.5656468552761454,30.078999999999724
2021-08-05,-0.49703615215625957,5.000253000000157
2021-08-06,-0.4856304912597094,79.8715259999999
2021-08-09,-0.30344220181796294,-0.6695129999998244
2021-08-10,-0.304969372191908,4.418108999999731
2021-08-11,-0.29489159151601185,-87.82192699999996
2021-08-12,-0.4952148788863813,85.8723500000001
2021-08-13,-0.2993386093276528,0.16974299999992581
2021-08-16,-0.29895142269978375,-0.1222250000000713
2021-08-17,-0.29923021997325805,-1.3989520000000084
2021-08-18,-0.3024212529315004,3.6494540000003326
2021-08-19,-0.2940967871931546,-0.3079310000002806
2021-08-20,-0.2947991829650362,-78.6603839999998
2021-08-23,-0.4742248372062098,-0.00027000000000043656
2021-08-24,-0.47422545308073494,-4.200000012133387e-05
2021-08-25,-0.4742255488834391,10.000250999999935
2021-08-26,-0.45141480874961337,7.9999940000002425
2021-08-27,-0.4331666883568181,72.75416399999995
2021-08-30,-0.26721322092307587,1.8787079999997331
2021-08-31,-0.2629278564881898,-6.793636999999762
2021-09-01,-0.27842425634560725,5.80857399999968
2021-09-02,-0.26517480170070984,0.9105640000002495
2021-09-03,-0.26309778995578237,1.4023170000000391
2021-09-06,-0.259899081376143,-5.628023000000212
2021-09-07,-0.2727366961640318,8.579926000000341
2021-09-08,-0.253165741159656,-1.6221370000002935
2021-09-09,-0.2568658628434488,-1.881192999999712
2021-09-10,-0.26115689560498306,-5.505465000000186
2021-09-13,-0.2737149535408167,-57.903985999999804
2021-09-14,-0.4057949160696259,63.070316999999704
2021-09-15,-0.26193046594282277,-68.07083999999986
2021-09-16,-0.41720119284070123,12.496325999999954
2021-09-17,-0.38869686379800317,35.007862999999816
2021-09-20,-0.30884334156805376,42.496042000000216
2021-09-21,-0.21190915753825743,-29.999882999999954
2021-09-22,-0.28033939345515385,-4.999996999999894
2021-09-23,-0.29174447041141294,34.999968999999965
2021-09-24,-0.21190895452776554,-14.99954200000002
2021-09-27,-0.2461231612200183,-10.000700000000052
2021-09-28,-0.26893492553036946,22.514730999999756
2021-09-29,-0.2175784467755874,22.485281000000214
2021-09-30,-0.16628914396438224,-14.999413999999888
2021-10-01,-0.20050305868648943,0.00010199999996984843
2021-10-04,-0.20050282602278,-24.99999700000035
2021-10-05,-0.2575282381762784,-10.000103999999737
2021-10-06,-0.28033864300063993,31.727112000000034
2021-10-07,-0.2079685687866238,-29.222368000000188
2021-10-08,-0.2746252799574767,-5.001232000000073
2021-10-11,-0.2860331739694346,46.8918450000001
2021-10-12,-0.17907208962358726,5.604534000000058
2021-10-13,-0.16628805363837118,9.999839000000065
2021-10-14,-0.14347825328345024,7.499797999999828
2021-10-15,-0.12637108834987176,-37.49942699999974
2021-10-18,-0.21190790982208957,17.49471399999993
2021-10-19,-0.17200217397909884,-7.495245999999952
2021-10-20,-0.1890989557243867,-9.99963600000001
2021-10-21,-0.2119082930329053,4.999968999999965
2021-10-22,-0.20050327994511535,-24.999800999999934
2021-10-25,-0.25752824501932786,9.999538999999913
2021-10-26,-0.2347191289694352,32.46763800000008
2021-10-27,-0.16065990253830545,-7.4679479999999785
2021-10-28,-0.17769441708808267,2.5034120000000257
2021-10-29,-0.17198409235924317,0.0007699999996475526
2021-11-01,-0.17198233597633888,-2.503469999999652
2021-11-02,-0.17769279300414959,-0.0005720000003748282
2021-11-03,-0.17769409774573708,5.000280000000203
2021-11-04,-0.1662883752617343,5.000262999999904
2021-11-05,-0.1548826915550171,-2.4965010000000802
2021-11-08,-0.1605772521770293,2.4961950000001707
2021-11-09,-0.15488338954614542,-10.00009799999998
2021-11-10,-0.17769378068440697,0.00023400000009132782
2021-11-11,-0.17769324692648497,13.133978999999727
2021-11-12,-0.14773442070381115,14.369689999999991
2021-11-15,-0.11495691697979102,4.99207000000024
2021-11-16,-0.1035699216433866,-2.4954720000000634
2021-11-17,-0.10926213509915288,-0.0008389999998144049
2021-11-18,-0.10926404887221397,0.0005219999998189451
2021-11-19,-0.10926285818146574,-2.366700999999921
2021-11-22,-0.11466134282804752,12.367151999999805
2021-11-23,-0.08645166184428815,-12.00037599999996
2021-11-24,-0.11382472062493275,1.9998820000000705
2021-11-25,-0.10926295626518642,-8.490460999999868
2021-11-26,-0.1286298401051401,3.4908120000000054
2021-11-29,-0.12066723942761297,-0.0007669999999961874
2021-11-30,-0.12066898896746778,5.0003459999998086
2021-12-01,-0.10926311593635973,-1.1000000085914508e-05
2021-12-02,-0.10926314102754428,-4.9995420000000195
2021-12-03,-0.12066718012117789,-2.5999999706982635e-05
2021-12-06,-0.12066723942761297,-0.0006350000003294554
2021-12-07,-0.12066868787325624,-9.999860999999783
2021-12-08,-0.14347853841054528,-5.000070999999934
2021-12-09,-0.15488378416204465,8.41831400000001
2021-12-10,-0.13568146883826443,-3.417746999999963
2021-12-13,-0.14347740702623213,-7.504933000000165
2021-12-14,-0.16059628498087325,7.504151999999976
2021-12-15,-0.143479188500322,6.000586999999996
2021-12-16,-0.12979174898431248,-21.000654999999824
2021-12-17,-0.17769459500739002,0.000849000000016531
2021-12-20,-0.17769265842416085,4.999812999999904
2021-12-21,-0.16628800117498557,4.99953800000003
2021-12-22,-0.154883971205419,-149.99959500000023
2021-12-23,-0.497035561372919,-4.999941999999919
2021-12-24,-0.5084405128732563,140.0001860000002
2021-12-27,-0.18909774222347042,22.499496999999792
2021-12-28,-0.13777601247800803,-17.499835000000076
2021-12-29,-0.17769342940782631,4.999655999999959
2021-12-30,-0.16628913027828224,0.00037300000030882074
2021-12-31,-0.1662882794590301,0.00030900000001565786
2022-01-03,-0.16628757462485128,-0.0005140000002938905
2022-01-04,-0.16628874706746652,-4.999982999999702
2022-01-05,-0.1776937920894905,5.000221999999667
2022-01-06,-0.16628820190446097,-8.00028199999997
2022-01-07,-0.18453697923008253,-1.999442999999701
2022-01-10,-0.18909774222347042,4.999479999999949
2022-01-11,-0.1776938445528761,-4.999858000000131
2022-01-12,-0.18909860444780607,9.999554999999873
2022-01-13,-0.16628945190164535,0.0008160000002135348
2022-01-14,-0.16628759059196882,7.000000096013537e-06
2022-01-17,-0.16628757462485128,20.168420999999853
2022-01-18,-0.1202830683039006,9.831144000000222
2022-01-19,-0.0978580640712842,-0.00018600000021251617
2022-01-20,-0.09785848834040202,15.000316999999995
2022-01-21,-0.06364251386016043,-4.999695999999858
2022-01-24,-0.07504690423037468,-5.000972000000274
2022-01-25,-0.08645420517797546,5.0001390000002175
2022-01-26,-0.07504880431733578,-4.999471000000085
2022-01-27,-0.08645268145877957,0.9997849999999744
2022-01-28,-0.08417215511752109,-0.9994809999998324
2022-01-31,-0.08645198802968425,-0.00035700000034921686
2022-02-01,-0.08645280235266832,4.999760000000151
2022-02-02,-0.07504826599738076,-16.599401999999827
2022-02-03,-0.11291178016306576,16.599830999999995
2022-02-04,-0.07504728744119041,5.000168000000031
2022-02-07,-0.0636418204310651,-15.00027399999999
2022-02-08,-0.09785769682758601,-4.968435000000227
2022-02-09,-0.10919078033287105,9.968616000000111
2022-02-10,-0.08645220016424317,-4.999943000000258
2022-02-11,-0.09785715394559802,-4.999963999999636
2022-02-14,-0.1092621556283034,-0.00023400000009132782
2022-02-15,-0.10926268938622542,0.0002009999998335843
2022-02-16,-0.10926223090185706,-12.000428999999713
2022-02-17,-0.13663541057638937,2.0001259999999093
2022-02-18,-0.132073089648554,-4.999663999999939
2022-02-21,-0.14347740702623213,8.292819999999665
2022-02-22,-0.1245613456197148,-3.2929199999998673
2022-02-23,-0.132072551328599,-0.00024299999995491817
2022-02-24,-0.13207310561567154,0.00033699999994496466
2022-02-25,-0.13207233691302359,5.000006000000212
2022-02-28,-0.12066723942761297,-0.00033400000029359944
2022-03-01,-0.12066800128721143,3.782626000000164
2022-03-02,-0.11203976798492163,9.217759000000115
2022-03-03,-0.09101390521755337,-2.618167000000085
2022-03-04,-0.09698598802467094,22.817731000000094
2022-03-07,-0.04493836119164996,-18.199919000000136
2022-03-08,-0.08645268145877957,4.999682000000121
2022-03-09,-0.07504832302279936,5.000121999999919
2022-03-10,-0.06364296093944527,5.000627999999779
2022-03-11,-0.05223644466161101,4.999872000000323
2022-03-14,-0.040831652832445955,-5.000070000000051
2022-03-15,-0.05223689630292884,1.9995599999997467
2022-03-16,-0.04767586643057992,-1.9995460000000094
2022-03-17,-0.0522368643686948,-0.00015899999971225043
2022-03-18,-0.05223722705035896,9.670247999999901
2022-03-21,-0.030179229290338023,-9.670383000000129
2022-03-22,-0.05223753498762206,17.00018500000033
2022-03-23,-0.013459828081868186,-36.999851000000035
2022-03-24,-0.0978571083252619,4.999569999999949
2022-03-25,-0.08645300536315918,-4.999553999999989
2022-03-28,-0.09785707182899382,-0.0005660000001626031
2022-03-29,-0.09785836288448028,2.9999219999999696
2022-03-30,-0.09101549052420188,0.0005139999998391431
2022-03-31,-0.09101431808158768,-12.999924999999621
2022-04-01,-0.1206673648835347,5.499999997482519e-05
2022-04-04,-0.12066723942761297,-0.00011399999993955134
2022-04-05,-0.12066749946352347,-0.0005439999999907741
2022-04-06,-0.12066874033664081,9.99994099999958
2022-04-07,-0.09785870731801144,0.00036100000033911783
2022-04-08,-0.09785788387096037,5.000356000000011
2022-04-11,-0.08645198802968425,4.999775999999656
2022-04-12,-0.07504741517812967,-4.999852999999803
2022-04-13,-0.08645216366797509,-0.0003990000000158034
2022-04-14,-0.08645307379366232,0.00011799999992945231
2022-04-15,-0.08645280463368482,0.00035800000023300527
2022-04-18,-0.08645198802968425,-0.00011200000017197453
2022-04-19,-0.08645224350356175,-2.499557999999979
2022-04-20,-0.09215377719380863,2.4994470000001456
2022-04-21,-0.08645249669642172,64.94105199999967
2022-04-22,0.06167913131864166,-64.94082899999967
2022-04-25,-0.08645198802968425,4.999601999999868
2022-04-26,-0.0750478120750454,-4.999975000000177
2022-04-27,-0.08645283884893638,-0.00023199999986900366
2022-04-28,-0.08645336804482437,1.9999400000001515
2022-04-29,-0.0818914713861058,-1.9993349999999737
2022-05-02,-0.08645198802968425,-3.0005989999999656
2022-05-03,-0.09329640463830907,8.000072999999702
2022-05-04,-0.07504810404519097,0.00014800000008108327
2022-05-05,-0.07504776645471033,0.0003999999998995918
2022-05-06,-0.07504685404800661,0.9999780000002829
2022-05-09,-0.07276588747051277,-1.0002160000003641
2022-05-10,-0.07504739692999564,-5.000306999999793
2022-05-11,-0.08645318100145002,-4.999995000000126
2022-05-12,-0.09785825339567608,1.0001999999999498
2022-05-13,-0.09557678043246232,-1.999681999999666
2022-05-16,-0.10013808858885574,5.999565999999959
2022-05-17,-0.08645297799095812,-3.0000330000002577
2022-05-18,-0.09329610354409754,47.999937000000045
2022-05-19,0.016192557225218607,0.4979690000000119
2022-05-20,0.01732843286011031,-50.49743899999976
2022-05-23,-0.09785707182899382,-0.0005450000003293098
2022-05-24,-0.0978583149831287,-7.494388999999956
2022-05-25,-0.11495314189705337,2.4943060000000514
2022-05-26,-0.10926358810682912,-4.999763999999686
2022-05-27,-0.12066813358618265,-2.496197000000393
2022-05-30,-0.1263620007791006,58.82545600000003
2022-05-31,0.007819850263419118,-48.827150000000074
2022-06-01,-0.10355569722287274,0.49769500000002154
2022-06-02,-0.10242044658657322,2.0006180000000313
2022-06-03,-0.09785700339849172,-2.9999999696883606e-05
2022-06-06,-0.09785707182899382,1.999688999999762
2022-06-07,-0.09329574770548285,0.4960089999999582
2022-06-08,-0.09216434286344061,53.55072100000007
2022-06-09,0.029985749240248945,-56.04651599999988
2022-06-10,-0.09785729308761976,20.000097000000096
2022-06-13,-0.05223673663175553,-0.0005450000003293098
2022-06-14,-0.052237979785890405,45.78569500000003
2022-06-15,0.05219995787103554,-6.901562000000013
2022-06-16,0.036457379279809396,5.624250000000302
2022-06-17,0.04928638779146346,-9.507837999999992
2022-06-20,0.027598849963411484,14.6772619999997
2022-06-21,0.06107793057429521,-19.677859999999782
2022-06-22,0.01619240211607933,5.0002190000000155
2022-06-23,0.027597985458059346,6.999876999999742
2022-06-24,0.043564822212030695,3.000502000000324
2022-06-27,0.05040901756203063,4.498374999999669
2022-06-28,0.060669886329173715,11.197397000000365
2022-06-29,0.08621133655300207,-3.0916489999999612
2022-06-30,0.07915923336839184,6.509225999999671
2022-07-01,0.09400688696812001,-2.6866070000000946
2022-07-04,0.08787869137395746,5.967943999999989
2022-07-05,0.10149167165987479,2.172035000000051
2022-07-06,0.10644611989788158,6.235895000000255
2022-07-07,0.12067030090562128,1.9437199999997574
2022-07-08,0.1251039588020995,-15.049208999999792
2022-07-11,0.09077646085043524,23.40998300000001
2022-07-12,0.14417502442151778,22.424707999999555
2022-07-13,0.1953261592045263,-29.010636999999406
2022-07-14,0.12915240999325747,18.488956000000144
2022-07-15,0.17132602850160733,98.95733399999972
2022-07-18,0.39704936586685996,-5.336068999999952
2022-07-19,0.3848777030460805,1.5237609999994675
2022-07-20,0.3883534274251032,-2.528715999999804
2022-07-21,0.3825853838481727,1.0759109999999055
2022-07-22,0.38503955487129227,5.629735000000437
2022-07-25,0.39788107475987444,-8.516943999999967
2022-07-26,0.3784537827530692,8.412274999999681
2022-07-27,0.3976423230166358,-97.22771000000012
2022-07-28,0.17586428698364168,97.49845100000039
2022-07-29,0.3982598877752182,-47.49816499999997
2022-08-01,0.28991577734753166,-5.000536999999895
2022-08-02,0.2785094686422223,-28.497780000000603
2022-08-03,0.21350555484336325,12.498076000000765
2022-08-04,0.24201387566539295,25.99974899999961
2022-08-05,0.30131973888659513,-49.99950799999988
2022-08-08,0.18727002315374552,54.99934699999994
2022-08-09,0.3127244554422065,10.000704000000042
2022-08-10,0.3355362288766247,-45.5083480000003
2022-08-11,0.23173092437499557,-33.49228799999946
2022-08-12,0.1553344541208747,-5.999415000000226
2022-08-15,0.14164968795650723,5.000003999999535
2022-08-16,0.15305478087988278,9.999531000000388
2022-08-17,0.17586387868164244,14.26747499999965
2022-08-18,0.2084082282775525,-4.2677059999996345
2022-08-19,0.1986735193653901,0.0006960000000617583
2022-08-22,0.1986751069530551,-8.999972999999954
2022-08-23,0.17814601770175048,-1.0001780000002327
2022-08-24,0.17586459492090478,-0.0006809999995311955
2022-08-25,0.1758630415484924,-5.6000000768108293e-05
2022-08-26,0.17586291381155209,5.0008880000004865
2022-08-29,0.18727002315374552,29.999971000000187
2022-08-30,0.25570045980011735,-24.999964999999975
2022-08-31,0.19867512063915613,-7.700000060140155e-05
2022-09-01,0.19867494500086424,-0.0005359999995562248
2022-09-02,0.198673722375882,0.0006069999999454012
2022-09-05,0.1986751069530551,-0.00036499999987427145
2022-09-06,0.19867427438193802,5.000129000000015
2022-09-07,0.21007965243240967,-9.999980000000505
2022-09-08,0.18726953045412456,8.600000001024455e-05
2022-09-09,0.18726972662156594,5.000130000000354
2022-09-12,0.1986751069530551,9.999941000000035
2022-09-13,0.22148513997168548,2.5999999706982635e-05
2022-09-14,0.22148519927812058,80.21397100000013
2022-09-15,0.4044546115041985,-90.21435099999962
2022-09-16,0.19867416489313383,-4.999587000000247
2022-09-19,0.18727002315374552,41.3096230000001
2022-09-20,0.28149796556032297,-161.30978200000027
2022-09-21,-0.08645235071134945,-6.000437000000147
2022-09-22,-0.10013944807484533,151.0002159999999
2022-09-23,0.2442945753639237,3.000380000000405
2022-09-26,0.2511384924298791,-0.0005840000003445311
2022-09-27,0.25113716031609057,26.000248000000283
2022-09-28,0.31044416176465744,0.9997320000002219
2022-09-29,0.31272456721202824,68.5907929999994
2022-09-30,0.4691813156172462,-46.590188999999555
2022-10-03,0.36290831366311294,-0.00030299999980343273
2022-10-04,0.36290762251503517,50.30710799999997
2022-10-05,0.4776589790032185,16.38299299999926
2022-10-06,0.5150288606129173,-53.69002399999954
2022-10-07,0.3925610160315299,0.00022600000011152588
2022-10-10,0.39256153154131784,0.00024299999950017082
2022-10-11,0.39256208582838936,4.999448999999913
2022-10-12,0.403965912787464,3.999872000000323
2022-10-13,0.4130896878567672,5.999770999999782
2022-10-14,0.4267752660631002,0.0006650000004810863
2022-10-17,0.4267767829392466,4.9997999999995955
2022-10-18,0.43818141053520326,-0.00026499999967199983
2022-10-19,0.43818080606576265,10.000694999999723
2022-10-20,0.46099255897102925,4.999090000000251
2022-10-21,0.47239556704508795,0.0006800000001021544
2022-10-24,0.4723971181364849,2.9995689999996102
2022-10-25,0.4792391852978462,1.9999420000003738
2022-10-26,0.4838010865185988,21.00031399999989
2022-10-27,0.5317031547149614,-10.999902999999904
2022-10-28,0.5066121916151063,7.80000000304426e-05
2022-10-31,0.5066123695344136,19.95856999999978
2022-11-01,0.5521382022072903,-4.95886900000005
2022-11-02,0.5408269389083304,0.00021699999979318818
2022-11-03,0.5408274338889669,4.999550999999883
2022-11-04,0.552231493511751,-2.4960579999997208
2022-11-07,0.5465379433801643,-2.5036810000001424
2022-11-08,0.5408270050578161,17.00025000000005
2022-11-09,0.5796048602296587,-11.363569000000098
2022-11-10,0.5536843688888112,26.36332399999992
2022-11-11,0.6138195527784809,0.00026500000058149453
2022-11-14,0.6138201572479236,2.999504999999772
2022-11-15,0.6206620784242126,0.00011799999992945231
2022-11-16,0.6206623475841901,5.00003900000047
2022-11-17,0.6320675203431545,2.000452999999652
2022-11-18,0.6366305871634697,-0.00011499999982333975
2022-11-21,0.6366303248465427,2.9995669999998427
2022-11-22,0.6434723874458711,10.000213999999687
2022-11-23,0.6662830431820761,9.999677000000702
2022-11-24,0.6890924740122835,0.2943969999996625
2022-11-25,0.6897639985033357,-0.29385499999989406
2022-11-28,0.6890937103233667,10.999397999999928
2022-11-29,0.7141835215097583,4.0004909999997835
2022-11-30,0.7233087085284344,4.999863000000005
2022-12-01,0.7347134798284479,3.000324000000546
2022-12-02,0.7415572691574651,1.9999239999997371
2022-12-05,0.7461191293199146,4.734255999999732
2022-12-06,0.7569180466013908,5.1324814999998125
2022-12-07,0.7686253229225717,5.132481500000722
2022-12-08,0.7803325992437545,-4.999863000000005
2022-12-09,0.768927827943741,5.000643999999738
2022-12-12,0.7803343807178433,37.3453899999995
2022-12-13,0.8655198412114218,-12.345509999999194
2022-12-14,0.8373595259923807,10.000068999999712
2022-12-15,0.8601698509811556,7.48752499999955
2022-12-16,0.8772490209960397,2.5125260000004346
2022-12-19,0.8829801349116295,4.999577999999929
2022-12-20,0.8943842561218662,5.00015699999949
2022-12-21,0.905789698040806,10.000067000000854
2022-12-22,0.92860001846755,-0.00012700000024779
2022-12-23,0.9285997287784209,10.000324999999975
2022-12-26,0.951410637707487,9.999641999999767
2022-12-27,0.9742199887021056,1.0002629999999044
2022-12-28,0.9765016053693751,-1.0004859999999098
2022-12-29,0.9742194800353681,2.9999479999996765
2022-12-30,0.9810624117020815,12.000633000000562
2023-01-02,1.008436056704035,-13.806994000000486
2023-01-03,0.9769420719867208,19.806870000000345
2023-01-04,1.0221218744171279,-0.00047900000026857015
2023-01-05,1.0221207818100992,9.000397000000703
2023-01-06,1.0426508382125117,5.000205999999707
2023-01-09,1.054056391901273,9.999988999999914
2023-01-10,1.0768665344087076,14.999549000000115
2023-01-11,1.111080757068078,4.99991399999999
2023-01-12,1.1224856446999463,-29.999550999999883
2023-01-13,1.0540561660806143,-19.999901000000136
2023-01-16,1.008436056704035,-2.583614000000125
2023-01-17,1.0025427898690207,-117.41691499999979
2023-01-18,0.7347128388627393,-19.99984200000017
2023-01-19,0.6890928640661487,-29.99988200000007
2023-01-20,0.6206626304302687,-39.330415999999786
2023-01-23,0.530949292361928,44.33024299999943
2023-01-24,0.632067319613678,-47.29642899999999
2023-01-25,0.5241833723830589,47.2962150000003
2023-01-26,0.6320668314760921,2.500630999999885
2023-01-27,0.6377708126973222,-52.49999099999968
2023-01-30,0.5180174533337232,5.732635999999729
2023-01-31,0.5310936921279104,14.228535000000193
2023-02-01,0.5635492189311926,3.038228999999774
2023-02-02,0.5704794702004906,-2.9992459999994026
2023-02-03,0.5636381398075432,-14.509410000000571
2023-02-06,0.5305419324218338,24.508727000000363
2023-02-07,0.5864467494717148,4.999996999999894
2023-02-08,0.5978518264279739,5.000363000000107
2023-02-09,0.6092577382363675,9.99962400000004
2023-02-10,0.6320670481726851,-4.999455000000125
2023-02-13,0.6206632075275094,10.306919999999991
2023-02-14,0.6441734647900653,-8.307639999999992
2023-02-15,0.6252235987151661,-10.076640000000225
2023-02-16,0.6022386139920706,8.077148000000307
2023-02-17,0.6206627239519564,2.5036229999996067
2023-02-20,0.6263735299753312,-22.861562999999478
2023-02-21,0.5742259216156934,-0.4843240000000151
2023-02-22,0.5731211704544901,-9.605575999999928
2023-02-23,0.5512106906103629,21.616344999999455
2023-02-24,0.6005179358423189,-1.1682929999997214
2023-02-27,0.5978530399288902,0.9999219999999696
2023-02-28,0.6001338787694448,-15.02346099999977
2023-03-01,0.5658651124373134,18.023271000000022
2023-03-02,0.6069764956558467,20.999769999999444
2023-03-03,0.6548773229790908,0.0004980000003342866
2023-03-06,0.6548784589254381,-0.0004779999999300344
2023-03-07,0.654877368599427,3.999826000000212
2023-03-08,0.6640010387419589,-4.999813000000358
2023-03-09,0.6525963814927827,1.0000629999994999
2023-03-10,0.6548775419566992,-44.85526899999968
2023-03-13,0.5525619215995854,41.855195000000094
2023-03-14,0.6480343228818742,-2.000028999999813
2023-03-15,0.6434722232126648,2.000170999999682
2023-03-16,0.6480346467862539,2.999706000000515
2023-03-17,0.6548770264469134,-42.11765500000001
2023-03-20,0.5588059495058314,18.815826999999445
2023-03-21,0.6017251662434924,-1.709950999999819
2023-03-22,0.5978247393539502,54.200918000000456
2023-03-23,0.7214579417118525,7.63394099999914
2023-03-24,0.7388710890766477,-45.66493399999945
2023-03-27,0.6347086092846607,21.340304000000287
2023-03-28,0.6833862003692096,-10.391011000000617
2023-03-29,0.6596841301262987,2.8925310000004174
2023-03-30,0.6662820418157198,-1.0003150000002279
2023-03-31,0.664000306535578,16.000973000000158
2023-04-03,0.7004987941226763,-6.000105000000076
2023-04-04,0.6868124540567448,5.999131999999918
2023-04-05,0.7004965746933687,15.001008000000184
2023-04-06,0.7347141253561917,-0.4172740000003614
2023-04-07,0.7337623163687362,5.417239000000336
2023-04-10,0.7461191293199146,5.000081999999566
2023-04-11,0.7575244001625975,3.9994830000005095
2023-04-12,0.7666472879163815,3.0003749999996217
2023-04-13,0.7734911935772514,4.999998000000232
2023-04-14,0.7848962728145279,8.00006200000007
2023-04-17,0.8031445483164625,4.999321999999665
2023-04-18,0.8145480855864081,0.00039400000059686136
2023-04-19,0.8145489843070128,-7.398058000000674
2023-04-20,0.7976738900185808,22.39770000000044
2023-04-21,0.848763419100941,0.0006419999999707215
2023-04-24,0.8487648835137008,-10.199432999999772
2023-04-25,0.8254998058996126,5.19931699999961
2023-04-26,0.8373595351164467,14.999985999999808
2023-04-27,0.8715747545801403,-4.000283999999738
2023-04-28,0.8624500397319335,-0.9995859999999084
2023-05-01,0.8601699673130103,-0.00021500000002561137
2023-05-02,0.8601694768944069,-0.00023800000053597614
2023-05-03,0.8601689340124169,-4.999456999999893
2023-05-04,0.8487650888052082,-2.4875819999997475
2023-05-05,0.8430908725716779,4.990902999999889
2023-05-08,0.8544752059615227,-0.012778999999682128
2023-05-09,0.8544460568483492,-2.4910500000005413
2023-05-10,0.848763930048694,-8.499999967170879e-05
2023-05-11,0.8487637361622701,-9.999485000000277
2023-05-12,0.8259547432872817,-1.1999999514955562e-05
2023-05-15,0.8259547159150816,4.999436999999489
2023-05-16,0.8373585155019543,1.4000000192027073e-05
2023-05-17,0.8373585474361893,5.000488000000587
2023-05-18,0.848764744371679,-4.9999330000000555
2023-05-19,0.8373598134004923,4.999993999999788
2023-05-22,0.8487648835137008,4.999856999999793
2023-05-23,0.8601696411276133,-2.000090999999884
2023-05-24,0.8556074000353645,-3.0002320000003238
2023-05-25,0.8487638205598897,-5.599999985861359e-05
2023-05-26,0.8487636928229515,0.0005220000002736924
2023-05-29,0.8487648835137008,-4.972961000000396
2023-05-30,0.8374214761265603,0.7432509999998729
2023-05-31,0.8391168441143441,7.229809000000387
2023-06-01,0.8556081596139454,-17.467853000000105
2023-06-02,0.815763694162141,19.46775400000024
2023-06-05,0.8601699673130103,-17.149328999999852
2023-06-06,0.8210520604436248,32.14857799999936
2023-06-07,0.8943835056673514,0.00044500000058178557
2023-06-08,0.8943845207198108,2.122596999999587
2023-06-09,0.8992262000512424,-7.122290999999677
2023-06-12,0.8829801349116295,-0.000420000000303844
2023-06-13,0.8829791768845897,12.000111000000288
2023-06-14,0.9103516311957937,15.000133999999889
2023-06-15,0.944567188249968,12.999934000000394
2023-06-16,0.9742202555810676,0.000240999999732594
2023-06-19,0.9742208053061061,5.000167999999576
2023-06-20,0.9856262723162303,14.561185000000478
2023-06-21,1.0188405793446813,15.437855999999556
2023-06-22,1.054054587617015,5.000691000000188
2023-06-23,1.0654612475989063,-4.999899999999798
2023-06-26,1.054056391901273,2.0001439999996364
2023-06-27,1.0586187538874094,-0.00022699999954056693
2023-06-28,1.058618236096606,25.52679999999964
2023-06-29,1.1168452947222485,2.4730909999998403
2023-06-30,1.1224864567419117,0.0001920000004247413
2023-07-03,1.1224868946971305,0.9998980000000302
2023-07-04,1.124767678793283,21.29885899999954
2023-07-05,1.1733507331382178,-21.299337999999807
2023-07-06,1.1247665861862544,-0.999681999999666
2023-07-07,1.122486294789723,5.000262999999904
2023-07-10,1.13389197849644,4.999826999999641
2023-07-11,1.1452966676798495,2.099999983329326e-05
2023-07-12,1.145296715581201,-2.999978999999257
2023-07-13,1.1384537132029688,-12.000106000000414
2023-07-14,1.1110812702968484,-10.942669000000024
2023-07-17,1.086120858910227,10.942482999999811
2023-07-18,1.1110808460277306,-19.999934999999823
2023-07-19,1.065460659096582,-29.99962400000004
2023-07-20,0.9970310139630263,-5.000191999999515
2023-07-21,0.9856254922084999,-4.999826000000212
2023-07-24,0.9742208053061061,9.999401000000034
2023-07-25,0.9970296065756862,0.0004669999998441199
2023-07-26,0.9970306718105126,-5.000167999999576
2023-07-27,0.9856252048003884,-0.0001320000001214794
2023-07-28,0.9856249037061758,-14.999568000000181
2023-07-31,0.951410637707487,-0.0007690000002185116
2023-08-01,0.9514088836055982,10.000465000000077
2023-08-02,0.9742201118770107,53.56813500000044
2023-08-03,1.0964099256065574,-63.56798600000002
2023-08-04,0.9514102841498898,58.17465899999934
2023-08-07,1.08410765632814,-61.12005599999975
2023-08-08,0.9446917842284419,-3.675705999999991
2023-08-09,0.9363074372381169,-0.026719999999841093
2023-08-10,0.9362464884702938,59.38723200000004
2023-08-11,1.0717097599841017,-0.940747000000556
2023-08-14,1.0695639003103106,-46.799079999999776
2023-08-15,0.9628144144841926,-0.9997990000001664
2023-08-16,0.960533856208699,0.999974000000293
2023-08-17,0.9628148136621258,4.9998020000002725
2023-08-18,0.9742194458201175,0.0005959999998594867
2023-08-21,0.9742208053061061,4.999482000000171
2023-08-22,0.9856247075387344,-0.24822300000050745
2023-08-23,0.9850585067155501,-0.24822299999959796
2023-08-24,0.9844923058923678,5.496492000000217
2023-08-25,0.9970298962648152,53.75596599999972
2023-08-28,1.119648155653382,-1.6547490000002654
2023-08-29,1.1158736454510165,-7.781812000000173
2023-08-30,1.0981232018569216,2.2248990000007325
2023-08-31,1.1031982337649233,-2.7211150000002817
2023-09-01,1.096991324844411,-4.6540500000000975
2023-09-04,1.0863753587931753,-0.2929899999999179
2023-09-05,1.0857070436927037,3.5164969999996174
2023-09-06,1.093728232285707,-42.392837999999756
2023-09-07,0.9970294583095964,7.000000005064066e-05
2023-09-08,0.9970296179807697,0.0005940000000919099
2023-09-11,0.9970309729047253,4.999745000000075
2023-09-12,1.0084354750447613,-5.000079999999798
2023-09-13,0.9970302087641113,-4.400000034365803e-05
2023-09-14,0.9970301083993731,15.000243999999839
2023-09-15,1.0312459163653909,0.00013500000022759195
2023-09-18,1.031246224302654,1.999612999999954
2023-09-19,1.0358073750688916,2.9999959999995554
2023-09-20,1.0426504162244092,0.0006210000001374283
2023-09-21,1.0426518327358174,40.50542800000039
2023-09-22,1.1350453928691986,-35.50565800000004
2023-09-25,1.054056391901273,2.4965299999994386
2023-09-26,1.0597510186727699,12.502796000000671
2023-09-27,1.088270105893906,10.000275999999758
2023-09-28,1.1110809030531503,-2.9999619999998686
2023-09-29,1.1042379394522017,0.0003600000000005821
2023-10-02,1.1042387606182353,2.999638000000232
2023-10-03,1.1110809851697545,7.000029999999242
2023-10-04,1.127048170919289,-6.999916999999186
2023-10-05,1.1110812429246484,-0.10035100000004604
2023-10-06,1.1108523406117794,-2.381473000000369
2023-10-09,1.10542016078562,11.95081300000038
2023-10-10,1.1326801655325964,10.530515999999807
2023-10-11,1.1567004490185901,-0.9995880000005855
2023-10-12,1.1544203720376318,-8.999351999999817
2023-10-13,1.1338926992977354,-24.61603500000001
2023-10-16,1.077743110901388,29.615399000000252
2023-10-17,1.1452963323703864,-14.999974999999722
2023-10-18,1.1110811379978773,12.983056000000033
2023-10-19,1.1406957063281031,-12.982934000000569
2023-10-20,1.1110814162819207,-9.999826999999641
2023-10-23,1.088271643299202,-0.00021400000059657032
2023-10-24,1.0882711551616138,5.000406000000112
2023-10-25,1.0996771650537283,1.9996399999999994
2023-10-26,1.1042383774074185,-2.9999999242136255e-05
2023-10-27,1.1042383089769174,16.51608699999997
2023-10-30,1.1419117802312548,-18.516446000000542
2023-10-31,1.0996754565721756,0.0001449999999749707
2023-11-01,1.0996757873196057,1.0000209999998333
2023-11-02,1.1019568519808192,0.8371280000001207
2023-11-03,1.1038663549789691,-33.714121999999406
2023-11-06,1.026963877652941,21.877031999999417
2023-11-07,1.0768657543009752,0.00013800000033370452
2023-11-08,1.0768660690812888,-5.000144999999975
2023-11-09,1.065460654534549,-4.99989800000003
2023-11-10,1.054055803398949,0.00025800000003073364
2023-11-13,1.054056391901273,4.999186000000009
2023-11-14,1.0654596189529402,0.0008010000001377193
2023-11-15,1.0654614460473653,-10.000514000000294
2023-11-16,1.0426501060061308,0.0005010000004403992
2023-11-17,1.0426512487955284,2.5999999706982635e-05
2023-11-20,1.0426513081019635,4.9998020000002725
2023-11-21,1.0540559402599552,-4.999993000000359
2023-11-22,1.0426508724277623,38.41140799999994
2023-11-23,1.1302679378456562,8.35499400000026
2023-11-24,1.1493258191882025,-41.76621100000011
2023-11-27,1.054056391901273,-0.0005890000002182205
2023-11-28,1.0540550483824012,0.0003079999996771221
2023-11-29,1.0540557509355624,-2.099999983329326e-05
2023-11-30,1.0540557030342108,40.56129500000043
2023-12-01,1.146576696730915,-40.56099300000005
2023-12-04,1.054056391901273,-0.0007470000000466825
2023-12-05,1.0540546879817534,30.000468000000183
2023-12-06,1.122486258293455,53.832518000000164
2023-12-07,1.2452791340770235,-16.430578000000423
2023-12-08,1.207800710284804,7.598339000000124
2023-12-11,1.2251326488909167,2.4942399999999907
2023-12-12,1.2308220521340347,28.75576000000001
2023-12-13,1.2964144226366017,-31.250224999999773
2023-12-14,1.2251321356621463,4.99977299999955
2023-12-15,1.2365367016706503,0.00045200000022305176
2023-12-18,1.2365377326902263,-5.000619999999799
2023-12-19,1.225131234660526,10.000079999999798
2023-12-20,1.2479415847404856,17.505175000000236
2023-12-21,1.287871182299802,-17.504515999999967
2023-12-22,1.2479430879305309,27.101762999999664
2023-12-25,1.3097626635553357,3.4361440000002403
2023-12-26,1.3176005656086351,-30.538550000000214
2023-12-27,1.2479416212367536,5.000194999999621
2023-12-28,1.2593471498343305,-4.999786999999742
2023-12-29,1.2479425518915914,23.161560000000463
2024-01-01,1.3007744584361398,12.724542999999358
2024-01-02,1.3297993542807218,-30.886383999999452
2024-01-03,1.2593469947251923,0.00036099999942962313
2024-01-04,1.2593478181722413,14.999495000000024
2024-01-05,1.2935619176567064,-0.9994589999996606
2024-01-08,1.2912821349269124,0.9995829999998023
2024-01-09,1.293562200502785,-32.735286999999516
2024-01-10,1.2188924622168962,6.284142999999858
2024-01-11,1.2332266977212647,-11.76885300000049
2024-01-12,1.2063817467839124,36.220414000000346
2024-01-15,1.2890011181670504,-47.75510699999995
2024-01-16,1.1800709187310514,6.464711999999963
2024-01-17,1.1948170351507317,3.290266999999403
2024-01-18,1.202322189322151,-5.000465999999506
2024-01-19,1.1909160425690324,1.000594000000092
2024-01-22,1.19319841425285,-11.000189999999748
2024-01-23,1.168106796501185,-9.999865000000682
2024-01-24,1.145296936839827,4.999737000000096
2024-01-25,1.156701420731729,5.0002000000004045
2024-01-26,1.1681069607343915,-4.9998820000000705
2024-01-29,1.1567021460950593,-7.500162000000273
2024-01-30,1.1395941508713792,2.4999010000001363
2024-01-31,1.1452964669503751,-5.000460000000203
2024-02-01,1.1338903338833555,5.000525999999809
2024-02-02,1.1452966174974804,-2.496393999999782
2024-02-05,1.1396023009442622,-1.4212840000000142
2024-02-06,1.1363603283197385,3.917489999999816
2024-02-07,1.1452961886663295,19.99987300000066
2024-02-08,1.1909162341744408,-20.00005500000043
2024-02-09,1.1452957735212799,15.000565000000279
2024-02-12,1.1795123136936785,-0.00041599999985919567
2024-02-13,1.1795113647907067,0.0002389999999650172
2024-02-14,1.1795119099537121,-4.999993000000359
2024-02-15,1.168106842121519,1.9996229999997013
2024-02-16,1.172668015697924,-14.496041999999761
2024-02-19,1.1396023009442622,-1.853584999999839
2024-02-20,1.1353742424934339,10.349943000000167
2024-02-21,1.1589826359400497,-2.9997560000001613
2024-02-22,1.152140142228553,-8.000512999999955
2024-02-23,1.13389083798806,0.0005000000001018634
2024-02-26,1.13389197849644,16.99961499999972
2024-02-27,1.1726683852226396,-6.9998399999994945
2024-02-28,1.156701632866289,-26.513727000000472
2024-02-29,1.0962233772128844,16.513460000000123
2024-03-01,1.133890856236194,-23.269424000000072
2024-03-04,1.0808129100998607,-1.7299489999995785
2024-03-05,1.0768668674371553,-4.75265600000057
2024-03-06,1.0660259794472957,9.751869000000625
2024-03-07,1.088270156076275,-28.65795100000014
2024-03-08,1.0229008895419731,23.658602999999857
2024-03-11,1.0768665594998923,9.999888000000283
2024-03-12,1.099676471624635,-5.0003370000004
2024-03-13,1.0882706191226763,-4.999373999999989
2024-03-14,1.0768669632398584,-0.0008139999999912106
2024-03-15,1.0768651064922161,-4.999362999999903
2024-03-18,1.0654614757005827,-7.993752999999742
2024-03-19,1.0472275911333868,10.993477999999413
2024-03-20,1.0723038987005586,-25.497088999999505
2024-03-21,1.014144611363869,-31.6017580000007
2024-03-22,0.942060471724767,-38.397469999999885
2024-03-25,0.8544751991184723,-12.504068999999618
2024-03-26,0.8259532081630033,-13.77922800000033
2024-03-27,0.794522558157044,5.281415999999808
2024-03-28,0.8065695565688464,0.019100000000435102
2024-03-29,0.8066131239889608,-9.017219000000296
2024-04-01,0.7860446963226148,2.496081000000231
2024-04-02,0.7917382989175882,-27.604035999999724
2024-04-03,0.7287730301617572,-9.67051900000024
2024-04-04,0.7067144142461935,7.27535700000044
2024-04-05,0.7233096254971733,46.12383799999952
2024-04-08,0.828518873004328,-41.709843999999975
2024-04-09,0.7333780197891022,-11.414719000000332
2024-04-10,0.7073408544409872,0.00040800000078888843
2024-04-11,0.707341785095827,29.935701999999765
2024-04-12,0.7756256230760583,-12.935676000000058
2024-04-15,0.7461191293199146,-0.0004760000001624576
2024-04-16,0.7461180435559366,-1.4999999621068127e-05
2024-04-17,0.7461180093406861,10.580132999999478
2024-04-18,0.770251470035253,-9.579907000000276
2024-04-19,0.7483995416103338,39.00026500000058
2024-04-22,0.8373597997143912,2.4881509999995615
2024-04-23,0.8430353138464574,0.014015000000654254
2024-04-24,0.8430672822963484,-0.502132999999958
2024-04-25,0.8419219085076687,30.488456000000042
2024-04-26,0.9114665876259813,16.092437999999675
2024-04-29,0.9481737084110193,-14.581438000000162
2024-04-30,0.9149132039501316,0.000240999999732594
2024-05-01,0.9149137536751701,6.0003710000000865
2024-05-02,0.9286007004915597,-25.68404499999997
2024-05-03,0.8700149633855122,20.683944000000338
2024-05-06,0.9171953863095582,-0.0003999999998995918
2024-05-07,0.9171944739028546,5.000272999999652
2024-05-08,0.9286001804197388,7.475760999999693
2024-05-09,0.9456525165534602,0.024301000000377826
2024-05-10,0.9457079475417424,-28.238741000000118
2024-05-13,0.8812949060433423,-3.1630349999995815
2024-05-14,0.8740799701963134,18.901683999999477
2024-05-15,0.917195028189926,4.999955000000227
2024-05-16,0.928600009343482,-1.7999999727180693e-05
2024-05-17,0.9285999682851809,-2.4963720000005196
2024-05-20,0.9229057019143296,-9.600451999999677
2024-05-21,0.9010069100000806,9.59429100000034
2024-05-22,0.9228916485700737,1.5025909999994838
2024-05-23,0.9263190838242902,-0.9998279999999795
2024-05-24,0.9240384593993111,-14.922064000000319
2024-05-27,0.8900009813235782,5.523548000000119
2024-05-28,0.9026002868854802,24.923558000000412
2024-05-29,0.9594513403988716,-18.525303999999778
2024-05-30,0.9171948114933351,-0.00021500000002561137
2024-05-31,0.9171943210747318,0.0004669999998441199
2024-06-03,0.9171953863095582,19.999777999999424
2024-06-04,0.9628152151210745,9.99984300000051
2024-06-05,0.9856250246000635,0.00015900000016699778
2024-06-06,0.9856253872817288,3.999920000000202
2024-06-07,0.9947492718398361,0.00029999999969732016
2024-06-10,0.9947499561448634,3.502494999999726
2024-06-11,1.0027392059411953,-7.50300900000002
2024-06-12,0.9856247166628005,0.00015799999982846202
2024-06-13,0.9856250770634482,-4.9998289999994086
2024-06-14,0.9742203833180059,5.000184999999874
2024-06-17,0.9856258891054157,4.99967099999958
2024-06-18,0.9970302224502103,1.4973060000002079
2024-06-19,1.0004456025308526,-1.4971450000002733
2024-06-20,0.9970305896939085,1.99952200000007
2024-06-21,1.0015915328876213,-1.9993539999995846
2024-06-24,0.9970309729047253,-0.0003790000000662985
2024-06-25,0.9970301083993731,9.999740000000202
2024-06-26,1.0198396829336351,0.0006100000000515138
2024-06-27,1.0198410743538588,-8.030077000000347
2024-06-28,1.0015243341338764,2.5650900000000547
2024-07-01,1.0073753474144307,5.464815999999701
2024-07-02,1.0198406842999914,-1.783053999999538
2024-07-03,1.0157735082422537,60.28130499999952
2024-07-04,1.1532761752536005,-83.55775899999935
2024-07-05,0.9626795265580992,13.100271999999677
2024-07-08,0.9925614665488482,8.55517299999974
2024-07-09,1.0120759595453659,17.876850999999988
2024-07-10,1.05285335628992,60.002057000000605
2024-07-11,1.1897190539331113,-59.47509000000082
2024-07-12,1.0540553768488137,5.000445000000582
2024-07-15,1.0654614757005827,4.9997489999996105
2024-07-16,1.0768659869646846,-14.90671199999997
2024-07-17,1.04286352705825,2.0627450000001772
2024-07-18,1.0475686829745718,13.055887999999868
2024-07-19,1.0773493823174516,4.788330000000315
2024-07-22,1.088271643299202,-0.0002679999997781124
2024-07-23,1.0882710319867106,19.035092999999506
2024-07-24,1.1316903981452398,3.468163000000459
2024-07-25,1.139601336074174,6.380164999999579
2024-07-26,1.1541545993698572,5.505127000000357
2024-07-29,1.1667118863220265,16.26924400000007
2024-07-30,1.2038223045563095,-10.65760500000033
2024-07-31,1.1795121289313206,9.999491999999918
2024-08-01,1.2023211377734255,5.000528999999915
2024-08-02,1.213727428230601,-53.22145600000022
2024-08-05,1.0923283951103469,53.22089700000015
2024-08-06,1.2137261531422319,1.2000000424450263e-05
2024-08-07,1.2137261805144341,-27.895994999999857
2024-08-08,1.1500949483864102,37.89624599999934
2024-08-09,1.2365369206482588,20.000356000000465
2024-08-12,1.2821580678874647,-5.000622000000476
2024-08-13,1.2707515652957293,5.0003710000000865
2024-08-14,1.282157495352257,5.000053000000662
2024-08-15,1.2935627000454564,-1.6736510000000635
2024-08-16,1.2897450740642966,-128.67650500000036
2024-08-19,0.9962318095588403,130.34979300000032
2024-08-20,1.2935618720363722,0.00019499999962135917
2024-08-21,1.2935623168346395,5.000035000000025
2024-08-22,1.3049674804695357,-22.465509999999995
2024-08-23,1.2537232756406904,-7.534158999999818
2024-08-26,1.2365377326902263,-0.00026500000058149453
2024-08-27,1.2365371282207835,-7.490899999999783
2024-08-28,1.2194502597743344,-9.686075999999957
2024-08-29,1.1973561580810383,18.17715599999974
2024-08-30,1.2388185555636624,-10.999914999999419
2024-09-02,1.213727565091607,-20.33581099999992
2024-09-03,1.1673412393752232,15.335575999999492
2024-09-04,1.202321945253358,-21.042852999999923
2024-09-05,1.1543228448850475,16.042986000000383
2024-09-06,1.1909171648292787,0.00010199999996984843
2024-09-09,1.190917397492988,-9.644709000000148
2024-09-10,1.1689176546199966,-15.35530800000015
2024-09-11,1.1338919397191545,-0.00045899999986431794
2024-09-12,1.133890892732462,16.000229000000218
2024-09-13,1.1703876832430913,0.00024699999994481914
2024-09-16,1.1703882466542308,8.999700999999732
2024-09-17,1.1909167154689762,-29.552670999999464
2024-09-18,1.1235065776192923,29.552568999999494
2024-09-19,1.1909164828052667,-5.000009999999747
2024-09-20,1.1795113761957903,-30.875605000000178
2024-09-23,1.1090836037199134,25.875600999999733
2024-09-24,1.1681062832724125,-4.99972600000001
2024-09-25,1.1567018244716951,-10.612712000000101
2024-09-26,1.1324940505321073,-8.944767999999385
2024-09-27,1.112090884811032,25.557620999999926
2024-09-30,1.1703882466542308,-0.00043699999969248893
2024-10-01,1.1703872498499075,-5.999764000000141
2024-10-02,1.156701687610691,0.0002539999995860853
2024-10-03,1.156702266988947,-3.500645000000077
2024-10-04,1.14871723707362,57.63523200000054
2024-10-07,1.280184167224151,-38.13540499999999
2024-10-08,1.193196669275029,14.000262999999904
2024-10-09,1.2251315038205035,0.00010199999996984843
2024-10-10,1.225131736484213,5.000114999999823
2024-10-11,1.2365370826004496,5.000285000000076
2024-10-14,1.2479428164895359,16.563726999999744
2024-10-15,1.2857249553823127,-16.564282000000276
2024-10-16,1.247941550525233,1.0003530000003593
2024-10-17,1.250223372484012,-0.999815000000126
2024-10-18,1.2479427777122503,10.000017000000298
2024-10-21,1.270752984088155,-0.0003500000002532033
2024-10-22,1.2707521857322885,0.9995410000001357
2024-10-23,1.273032155505458,0.0004269999999451102
2024-10-24,1.2730331294996142,18.99967199999992
2024-10-25,1.3163716997634933,2.920262000000548
2024-10-28,1.3230328663286823,-7.920053000000735
2024-10-29,1.304967092696686,5.000272000000223
2024-10-30,1.3163727969325547,4.99937299999965
2024-10-31,1.3277764505343552,0.00039200000082928455
2024-11-01,1.3277773446929269,-4.999536000000262
2024-11-04,1.3163733192853933,-1.500000053056283e-05
2024-11-05,1.3163732850701406,-4.8999999307852704e-05
2024-11-06,1.316373173300321,4.9994950000000244
2024-11-07,1.3277771051861669,-4.999711000000389
2024-11-08,1.3163726806007001,25.000280000000203
2024-11-11,1.3733987382819413,-34.38543600000048
2024-11-12,1.294964982470781,44.38497700000062
2024-11-13,1.3962078588938678,4.999586999999337
2024-11-14,1.4076120006332542,5.000872000000527
2024-11-15,1.4190190734791794,5.0
2024-11-18,1.430424157278489,-5.000495000000228
2024-11-19,1.4190179443758828,4.000020999999833
2024-11-20,1.428142059316682,6.00032900000042
2024-11-21,1.4418289103303685,0.9998289999994086
2024-11-22,1.4441095370363632,-0.9996839999994336
2024-11-25,1.4418292410777986,8.999561999999969
2024-11-26,1.462357392831215,-0.00048599999990983633
2024-11-27,1.4623562842570699,2.330849999999373
2024-11-28,1.4676729921717926,-12.799731999999494
2024-11-29,1.4384765889580529,26.469806000000062
2024-12-02,1.4988546600743464,-5.0002660000000105
2024-12-03,1.4874489695245787,4.999587999999676
2024-12-04,1.4988531135449825,-4.999957999999424
2024-12-05,1.4874481255483782,0.0004799999996976112
2024-12-06,1.4874492204364222,-1.9466019999999844
2024-12-09,1.4830089886496416,-1.4123170000002574
2024-12-10,1.4797874699024032,27.62408400000004
2024-12-11,1.5427984684822365,-29.529265000000123
2024-12-12,1.4754417201108323,43.004369000000224
2024-12-13,1.573535406547119,0.7658959999998842
2024-12-16,1.57528242815943,-44.533981999999924
2024-12-17,1.4736996688340414,2.6340540000001056
2024-12-18,1.479707990154423,-33.62686300000041
2024-12-19,1.4030045520698415,37.644954000000325
2024-12-20,1.488873323068073,26.270392000000356
2024-12-23,1.5487965275082163,3.178638999999748
2024-12-24,1.5560470563407665,-6.171722000000045
2024-12-25,1.5419692550215578,-4.686056999999892
2024-12-26,1.5312802804668897,0.0
2024-12-27,1.5312802804668897,-17.816351000000395
2024-12-30,1.4906408852363062,-24.62116100000003
2024-12-31,1.4344796043480477,0.0
2025-01-01,1.4344796043480477,0.0
2025-01-02,1.4344796043480477,69.31497200000013
2025-01-03,1.5925882171894072,-1.1067800000000716
2025-01-06,1.5900636334599272,-44.98640699999942
2025-01-07,1.4874488851269592,4.999963999999636
2025-01-08,1.4988538868096646,-0.00011100000028818613
2025-01-09,1.4988536336168035,39.26210400000036
2025-01-10,1.588411150868246,0.7868730000000141
2025-01-13,1.5902060213691287,-30.04846699999962
2025-01-14,1.521664964533972,-0.00042800000028364593
2025-01-15,1.5216639882587981,5.000103999999737
2025-01-16,1.53306930928385,0.00011300000005576294
2025-01-17,1.533069567038744,-20.71053000000029
2025-01-20,1.4858285010031205,0.33744100000058097
2025-01-21,1.4865982095795862,17.87114500000007
2025-01-22,1.527362590842509,12.50152799999978
2025-01-23,1.5558787857343914,-9.999684000000343
2025-01-24,1.5330693389370675,-9.99974899999961
2025-01-27,1.510259743873656,-5.000326999999743
2025-01-28,1.4988539141818666,-0.00045900000077381264
2025-01-29,1.498852867195172,-4.999594999999317
2025-01-30,1.4874487072076519,-3.400000059627928e-05
2025-01-31,1.4874486296530807,-41.5257389999997
2025-02-03,1.3927277230284298,51.525932999999895
2025-02-04,1.5102592397689516,-0.0004259999996065744
2025-02-05,1.5102582680558128,-7.9147720000000845
2025-02-06,1.4922045404733268,7.914764999999534
2025-02-07,1.5102582520886942,5.000654000000395
2025-02-10,1.5216648276729656,-0.00079600000026403
2025-02-11,1.5216630119836243,0.00017800000023271423
2025-02-12,1.521663418004608,5.000441000000137
2025-02-13,1.5330695077323089,-0.00026900000011664815
2025-02-14,1.5330688941388002,5.000446000000011
2025-02-17,1.5444749952715848,8.582744999999704
2025-02-18,1.564052380462205,-1.786008000000038
2025-02-19,1.5599784662809577,11.012576000000081
2025-02-20,1.5850983367062108,-12.809648999999808
2025-02-21,1.555879312649263,0.00033600000006117625
2025-02-24,1.5558800790708944,-3.3796229999998104
2025-02-25,1.54817110236588,8.048956999999973
2025-02-26,1.5665309081822878,-4.670036000000437
2025-02-27,1.5558784777971284,-9.87414600000011
2025-02-28,1.5333553852818045,14.874848000000384
2025-03-03,1.567285162870204,-3.275235000000066
2025-03-04,1.5598142969427176,3.274728999999752
2025-03-05,1.5672840086757227,5.000184999999874
2025-03-06,1.5786895144631325,-77.73894699999983
2025-03-07,1.4013656734621158,47.739268000000266
2025-03-10,1.510259743873656,-6.654696000000513
2025-03-11,1.4950802707658688,-10.236781999999948
2025-03-12,1.4717299994568163,-28.891751999999542
2025-03-13,1.4058274289230432,24.51170600000023
2025-03-14,1.4617390411218516,-0.11827500000072177
2025-03-17,1.4614692538645773,-3.610179999999673
2025-03-18,1.4532343727784598,-0.00018199999976786785
2025-03-19,1.4532339576334101,-0.0003080000005866168
2025-03-20,1.4532332550802467,-9.999657999999727
2025-03-21,1.43042386758936,5.000127000000248
2025-03-24,1.4418292410777986,-14.295280000000275
2025-03-25,1.4092214678108792,36.58526600000005
2025-03-26,1.4926730727208855,-27.29059799999959
2025-03-27,1.4304227612962324,14.346009999999296
2025-03-28,1.4631462505433774,-4.372426999999334
2025-03-31,1.4531726712751063,-9.973457000000053
2025-04-01,1.430423048704344,-5.000025000000278
2025-04-02,1.4190179078796148,10.178549999999632
2025-04-03,1.4422353510207064,-10.178404999999657
2025-04-04,1.419018238627045,-40.5930529999996
2025-04-07,1.3264248044000828,40.593401000000085
2025-04-08,1.4190190324208785,-26.796407000000727
2025-04-09,1.3578959789497957,26.79627100000016
2025-04-10,1.4190187222025978,-5.00008600000001
2025-04-11,1.4076134422358468,0.00024000000030355295
2025-04-14,1.4076139896798698,-65.52232999999978
2025-04-15,1.2581564568046673,-49.80400000000009
2025-04-16,1.1445526980965042,13.120002999999997
2025-04-17,1.174479644828943,0.09871599999951286
2025-04-18,1.1747048176794084,0.0
2025-04-21,1.1747048176794084,0.0
2025-04-22,1.1747048176794084,-27.892665999999736
2025-04-23,1.1110811790561783,13.060445999999502
2025-04-24,1.1408722752734486,-41.083527999999205
2025-04-25,1.0471600593511943,15.526766999999381
2025-04-28,1.0825768751046636,-0.0038519999998243293
2025-04-29,1.082568088628105,-2.5000600000003033
2025-04-30,1.0768654098674442,0.0004890000000159489
2025-05-01,1.0768665252846397,-56.29634199999964
2025-05-02,0.9484536256637223,46.29635700000017
2025-05-05,1.054056391901273,-45.00078600000052
2025-05-06,0.9514088448283126,-15.000014999999621
2025-05-07,0.9171935592151332,5.000828999999612
2025-05-08,0.9286005339773359,33.291856000000735
2025-05-09,1.004539815480247,-13.29188400000021
2025-05-12,0.9742208053061061,4.999598999999762
2025-05-13,0.9856249744176945,15.000246000000516
2025-05-14,1.0198407869457473,44.99994499999957
2025-05-15,1.1224864156836107,5.000030999999581
2025-05-16,1.1338915701944388,-38.20256899999913
2025-05-19,1.0467508700356596,3.572628999999324
2025-05-20,1.0549000966614268,19.629947000000357
2025-05-21,1.0996763347636287,10.000130999999783
2025-05-22,1.122486801175443,-40.935491000000184
2025-05-23,1.0291122601312659,-24.975445000000036
2025-05-26,0.9721428515012563,86.4364000000005
2025-05-27,1.1693057285633859,15.301918000000114
2025-05-28,1.204209659979419,-26.214262000000417
2025-05-29,1.1444144890100065,8.379377000000204
2025-05-30,1.1635279883842085,22.266104999999698
2025-06-02,1.214317347066053,-35.687175999999454
2025-06-03,1.1329143004979123,19.915052999999716
2025-06-04,1.17834087016445,-34.486767999999756
2025-06-05,1.099675974362981,-39.99996100000044
2025-06-06,1.008435392928157,5.0002910000002885
2025-06-09,1.0198411405033445,2.000210000000152
2025-06-10,1.024403653036588,-0.0008910000005926122
2025-06-11,1.0244016206506537,3.0001130000000558
2025-06-12,1.0312449286851335,0.00030000000060681487
2025-06-13,1.0312456129901628,5.694611999999324
2025-06-16,1.044235118403072,-60.69464799999969
2025-06-17,0.9057896090811534,-9.999671999999919
2025-06-18,0.8829801896560316,-0.0001540000002933084
2025-06-19,0.8829798383794499,9.999515000000429
2025-06-20,0.9057888996849415,36.379101999999875
2025-06-23,0.9887702410556674,-28.871642000000065
2025-06-24,0.922913541768934,0.8265149999997448
2025-06-25,0.9247988363362107,-8.33349300000009
2025-06-26,0.9057899991350186,-0.0004239999998389976
2025-06-27,0.9057890319839127,0.0005570000002990128
2025-06-30,0.9057903025102486,-4.999854000000596
2025-07-01,0.8943855517393847,-0.00017599999955564272
2025-07-02,0.894385150280436,-39.983790999999655
2025-07-03,0.8031814528866208,44.98335099999986
2025-07-04,0.9057892304323717,63.46385499999997
2025-07-07,1.0505513473328179,-68.46404900000016
2025-07-08,0.8943837041158103,0.00019299999985378236
2025-07-09,0.8943841443520445,0.00023700000019744039
2025-07-10,0.894384684953017,0.00010199999996984843
2025-07-11,0.8943849176167266,0.0001320000001214794
2025-07-14,0.8943852187109391,-0.0006880000000819564
2025-07-15,0.8943836493714081,0.00016599999980826396
2025-07-16,0.8943840280201898,-0.00022699999954056693
2025-07-17,0.8943835102293863,35.11347399999977
2025-07-18,0.9744779329203614,-35.112724999999955
2025-07-21,0.8943852187109391,-9.200000022246968e-05
2025-07-22,0.8943850088573967,-0.0003020000003743917
2025-07-23,0.8943843199903343,0.00025600000026315683
2025-07-24,0.8943849039306254,-0.0004179999996267725
2025-07-25,0.8943839504656207,-20.926292000000103
2025-07-28,0.8466507276918561,20.926405999999588
2025-07-29,0.8943842105015302,-0.00022699999954056693
2025-07-30,0.8943836927107267,3.699999979289714e-05
2025-07-31,0.8943837771083464,0.00046800000018265564
2025-08-01,0.8943848446241904,0.00016400000004068715
2025-08-04,0.8943852187109391,52.267437999999856
2025-08-05,1.0136081207839822,-47.26755099999991
2025-08-06,0.9057900447553546,-0.0003550000001268927
2025-08-07,0.9057892349944047,0.00043399999958637636
2025-08-08,0.9057902249556775,-25.21204299999954
2025-08-11,0.8482811323223193,25.212048000000323
2025-08-12,0.9057902363607631,4.999439999999595
2025-08-13,0.9171940427906862,-0.00018799999998009298
2025-08-14,0.9171936139595354,1.99999976757681e-06
2025-08-15,0.9171936185215683,0.0007750000004307367
2025-08-18,0.9171953863095582,-0.00046100000054138945
2025-08-19,0.9171943347608307,-5.000241999999162
2025-08-20,0.9057886989554672,-31.772040000000743
2025-08-21,0.8333161432204623,31.772467000000688
2025-08-22,0.9057896729496235,-8.600280999999995
2025-08-25,0.8861722878491015,33.59988299999986
2025-08-26,0.9628141841015007,0.0005679999994754326
2025-08-27,0.962815479719019,2.5004360000002634
2025-08-28,0.9685190161419818,-65.87031300000035
2025-08-29,0.8182677282116307,78.3699830000005
2025-09-01,0.9970309729047253,-67.45600900000045
2025-09-02,0.8431626858223281,67.4554820000003
2025-09-03,0.9970297708088924,0.000533999999788648
2025-09-04,0.9970309888718417,-11.481041000000005
2025-09-05,0.9708425419301799,6.4810340000003634
2025-09-08,0.9856258891054157,7.502746000000116
2025-09-09,1.002739778476403,-4.969264000000294
2025-09-10,0.9914048040082237,-0.03518199999962235
2025-09-11,0.9913245532765792,-2.4990590000006705
2025-09-12,0.9856241578136938,5.000759000000471
2025-09-15,0.9970309729047253,-0.0004380000000310247
2025-09-16,0.9970299738193844,-5.0000660000005155
2025-09-17,0.9856247394729675,-77.1989679999997
2025-09-18,0.8095325996209245,72.19930900000054
2025-09-19,0.9742204335003749,-42.140805
2025-09-22,0.8780965510213021,42.140362999999525
2025-09-23,0.974219425290966,0.0004239999998389976
2025-09-24,0.9742203924420718,-10.000082999999904
2025-09-25,0.9514100355190618,-5.000301000000036
2025-09-26,0.9400042651337074,0.0005650000002788147
2025-09-29,0.9400055539081774,14.999474000000191
2025-09-30,0.9742196054912908,0.00020399999993969686
2025-10-01,0.9742200708187098,0.00024299999950017082
2025-10-02,0.9742206251057812,0.9997130000001562
2025-10-03,0.9765009872138334,7.000366000000213
2025-10-06,0.9924689393850015,-0.0006430000003092573
2025-10-07,0.9924674726912242,-12.964194999999563
2025-10-08,0.9628959266181071,14.964622999999847
2025-10-09,0.9970304824861218,25.118862000000263
2025-10-10,1.054327027696781,-21.317935000000034
2025-10-13,1.005700460676134,6.3599859999994806
2025-10-14,1.02020769533462,19.838556000000608
2025-10-15,1.0654597740620806,-12.026312000000871
2025-10-16,1.03802755483075,22.026945000000524
2025-10-17,1.0882713855443078,-54.18038700000034
2025-10-20,0.9646850147415025,4.040841
2025-10-21,0.9739022407864396,50.139422000000195
2025-10-22,1.0882711026982292,-0.0004349999999249121
2025-10-23,1.088270110455939,4.999974999999722
2025-10-24,1.0996751372298288,10.0006970000004
2025-10-27,1.1224868946971305,-10.000958999999966
2025-10-28,1.0996745396034389,2.00018799999998
2025-10-29,1.1042370019543135,-6.999321000000236
2025-10-30,1.0882714334456594,-5.000385999999708
2025-10-31,1.0768654691738813,0.0004779999999300344
2025-11-03,1.0768665594998923,-25.000410999999986
2025-11-04,1.019840203005456,3.999999989900971e-05
2025-11-05,1.0198402942461262,15.000017999999727
2025-11-06,1.054055586702356,-0.00010899999961111462
2025-11-07,1.05405533807153,-7.143482999999833
2025-11-10,1.0377609336247418,1.8269799999998213
2025-11-11,1.041928305624674,-7.182733999999982
2025-11-12,1.025544368989044,12.499611999999615
2025-11-13,1.0540561934528143,-0.0003280000000813743
2025-11-14,1.0540554452793167,-4.99958499999957
2025-11-17,1.0426513081019635,-0.0005529999998543644
2025-11-18,1.0426500466996957,-9.99981100000059
2025-11-19,1.0198403102132427,4.999829000000318
2025-11-20,1.0312450039586871,22.40822399999979
2025-11-21,1.0823585384614267,-22.407688999999664
2025-11-24,1.031246224302654,-5.000841000000037
2025-11-25,1.0198392221682493,5.604370000000017
2025-11-26,1.0326228840667167,1.8982619999997041
2025-11-27,1.036952851503325,-9.16470500000014
2025-11-28,1.0160480057991343,-5.1721529999995255
2025-12-01,1.0042502381215654,-3.1889689999998154
2025-12-02,0.9969761463858857,20.023345999999947
2025-12-03,1.0426497342003995,-9.999279999999999
2025-12-04,1.0198412089338476,-0.0002480000002833549
2025-12-05,1.0198406432416904,2.0002180000001317
2025-12-08,1.0244031740230681,-27.658046000000468
2025-12-09,0.9613147075520354,30.657651000000442
2025-12-10,1.0312453233010337,-47.93069199999991
2025-12-11,0.9219146115372546,62.93013599999995
2025-12-12,1.0654593064536442,5.000950999999986
2025-12-15,1.0768665594998923,-0.000547000000551634
2025-12-16,1.0768653117837235,4.999735000000328
2025-12-17,1.0882697911135923,10.000678000000335
2025-12-18,1.1110815052415755,3.00000799999998
2025-12-19,1.117924573769295,20.054943000000094
2025-12-22,1.163670234870371,-0.55580800000007
2025-12-23,1.1624024275071052,12.500954999999522
2025-12-24,1.190917315376384,13.672026000000187
2025-12-25,1.2221034358236522,0.0
2025-12-26,1.2221034358236522,0.0
2025-12-29,1.2221034358236522,1.327527000000373
2025-12-30,1.225131547159822,5.0001589999992575
2025-12-31,1.2365369936407948,13.353585000000749
2026-01-01,1.2669967448300372,0.0
2026-01-02,1.2669967448300372,-13.353261000000202
2026-01-05,1.2365377326902263,14.999273999999787
2026-01-06,1.270751328069987,2.0005240000000413
2026-01-07,1.275314556842493,-1.9998210000003382
2026-01-08,1.2707529316247683,-0.0003499999993437086
2026-01-09,1.270752133268904,-12.496219000000565
2026-01-12,1.2422480482949978,-22.503537999999935
2026-01-13,1.1909171009608084,-5.000511999999617
2026-01-14,1.1795108492809188,-4.999854000000596
2026-01-15,1.1681060985100546,0.00013699999999516876
2026-01-16,1.1681064110093509,5.0003590000005715
2026-01-19,1.1795123136936785,-22.617277999999715
2026-01-20,1.127921923513223,22.61646599999949
2026-01-21,1.179510461508069,-19.999361000000135
2026-01-22,1.13389158388054,-20.000597999999627
2026-01-23,1.08826988463528,8.384016999999403
2026-01-26,1.107393967927246,-20.646750999999313
2026-01-27,1.0602983828595518,-27.73656100000062
2026-01-28,0.997030822357618,-15.2631879999999
2026-01-29,0.9622152347206949,15.263026999999965
2026-01-30,0.9970304551139197,-37.49636499999997
2026-02-02,0.9115006181150201,12.496001999999862
2026-02-03,0.9400042081082878,-20.121824999999262
2026-02-04,0.894105988044281,-2.133440999999948
2026-02-05,0.8892395733671046,12.255511999999726
2026-02-06,0.9171946016397927,-13.597195000000283
2026-02-09,0.8861791719576815,8.597217000000455
2026-02-10,0.9057895680228523,0.999761000000035
2026-02-11,0.9080700396197087,-5.999482000000171
2026-02-12,0.8943851206272184,-25.000130000000354
2026-02-13,0.8373594050984909,-9.999826999999641
2026-02-16,0.814549632115772,-30.180323999999928
2026-02-17,0.7457078072537094,5.64411199999995
2026-02-18,0.758582121320247,-25.464152999999897
2026-02-19,0.7004979615515593,-9.999933000000055
2026-02-20,0.6776879467810629,-9.99970200000007
2026-02-23,0.6548784589254381,-56.08224100000007
2026-02-24,0.5269539272738228,3.243199999999888
2026-02-25,0.5343517208294067,-80.7980550000002
2026-02-26,0.3500500032101615,59.63629000000037
2026-02-27,0.4860813801961479,-40.99919399999999
2026-03-02,0.39256153154131784,-10.000160999999935
2026-03-03,0.3697509966990005,-14.999940000000606
2026-03-04,0.33553588216207597,-3.000298999999359
2026-03-05,0.3286921498584805,-50.35210999999981
2026-03-06,0.21383814305407023,53.35250999999971
2026-03-09,0.33553611254477,-5.000216999999793
2026-03-10,0.324130533764824,-9.999817000000803
2026-03-11,0.30132078359227005,-0.00017099999968195334
2026-03-12,0.30132039353840484,-10.407243999999992
2026-03-13,0.27758129555043254,-4.59255099999973
2026-03-16,0.2671056097489125,-0.0006380000004355679
2026-03-17,0.26710415446021873,10.000426999999945
2026-03-18,0.2899152960529942,4.999968000000081
2026-03-19,0.3013203068597677,-5.000134999999318
2026-03-20,0.28991491512319706,5.000377999999728
2026-03-23,0.30132086114684126,-5.0002770000000965
2026-03-24,0.289915145505889,2.4022150000000693
2026-03-25,0.2953946381816808,2.597530999999435
2026-03-26,0.30131964992694044,-6.782271999999466
2026-03-27,0.28584917382499947,11.782803000000058
2026-03-30,0.3127259449461508,17.8809169999995
2026-03-31,0.35351261630484954,-14.881804999999986
2026-04-01,0.3195669696828527,-2.999613999999383
2026-04-02,0.3127247998757377,-10.000192999999854
2026-04-03,0.2899141920408842,6.343488999999863
2026-04-06,0.3043837967658836,-10.34358599999996
2026-04-07,0.2807899037428106,4.49914600000011
2026-04-08,0.2910525311738766,-28.000268000000688
2026-04-09,0.22718345058524975,12.501831000000493
2026-04-10,0.25570033662521213,-4.999917000000096
2026-04-13,0.2442954421502934,-10.0001570000004
2026-04-14,0.22148491643204202,-5.000340999999935
2026-04-15,0.2100790548060175,6.999636000000464
2026-04-16,0.22604534183495137,14.952976999999919
2026-04-17,0.2601533329817809,-12.952115000000049
2026-04-20,0.2306093415911219,6.999409000000014
2026-04-21,0.24657511082925027,-5.9994839999999385
2026-04-22,0.232890187274727,-2.999869000000217
2026-04-23,0.2260474358083363,7.9996689999998125
